problem_id,pass_at_1,pass_at_2,pass_at_3,pass_at_4,pass_at_5,pass_at_6,pass_at_7,pass_at_8,pass_at_9,pass_at_10,pass_at_11,pass_at_12,pass_at_13,pass_at_14,pass_at_15,pass_at_16,pass_at_17,pass_at_18,pass_at_19,pass_at_20,pass_at_21,pass_at_22,pass_at_23,pass_at_24,pass_at_25,pass_at_26,pass_at_27,pass_at_28,pass_at_29,pass_at_30,pass_at_31,pass_at_32,pass_at_33,pass_at_34,pass_at_35,pass_at_36,pass_at_37,pass_at_38,pass_at_39,pass_at_40,pass_at_41,pass_at_42,pass_at_43,pass_at_44,pass_at_45,pass_at_46,pass_at_47,pass_at_48,pass_at_49,pass_at_50,pass_at_51,pass_at_52,pass_at_53,pass_at_54,pass_at_55,pass_at_56,pass_at_57,pass_at_58,pass_at_59,pass_at_60,pass_at_61,pass_at_62,pass_at_63,pass_at_64,pass_at_65,pass_at_66,pass_at_67,pass_at_68,pass_at_69,pass_at_70,pass_at_71,pass_at_72,pass_at_73,pass_at_74,pass_at_75,pass_at_76,pass_at_77,pass_at_78,pass_at_79,pass_at_80,pass_at_81,pass_at_82,pass_at_83,pass_at_84,pass_at_85,pass_at_86,pass_at_87,pass_at_88,pass_at_89,pass_at_90,pass_at_91,pass_at_92,pass_at_93,pass_at_94,pass_at_95,pass_at_96,pass_at_97,pass_at_98,pass_at_99,pass_at_100
ABC406,0.79,0.9575757575757576,0.9917748917748918,0.9984736912571964,0.9997297161601284,0.9999544785111796,0.999992735932635,0.9999989064844826,0.999999845481503,0.9999999796239344,0.999999997509592,0.9999999997201788,0.999999999971382,0.9999999999973684,0.9999999999997858,0.9999999999999848,0.9999999999999992,1.0,1.0,1.0,1.0,1.0,1.0,1.0,1.0,1.0,1.0,1.0,1.0,1.0,1.0,1.0,1.0,1.0,1.0,1.0,1.0,1.0,1.0,1.0,1.0,1.0,1.0,1.0,1.0,1.0,1.0,1.0,1.0,1.0,1.0,1.0,1.0,1.0,1.0,1.0,1.0,1.0,1.0,1.0,1.0,1.0,1.0,1.0,1.0,1.0,1.0,1.0,1.0,1.0,1.0,1.0,1.0,1.0,1.0,1.0,1.0,1.0,1.0,1.0,1.0,1.0,1.0,1.0,1.0,1.0,1.0,1.0,1.0,1.0,1.0,1.0,1.0,1.0,1.0,1.0,1.0,1.0,1.0,1.0
ABC407,0.15,0.2787878787878788,0.3891774891774892,0.4836345784799393,0.5643166755924488,0.6331087794462726,0.6916552508112291,0.7413882748739341,0.7835532300575319,0.8192312690590375,0.8493593908825312,0.8747482575877226,0.8960979864079972,0.9140121266824804,0.9290100115634432,0.9415376565816592,0.9519773607635056,0.9606561509869684,0.9678531965381328,0.9738063082903304,0.9787176254858936,0.9827585826721162,0.9860742398505554,0.9887870502692784,0.9910001324529736,0.9928001059623788,0.9942595439429776,0.9954390897081192,0.9963892793522612,0.9971521076581212,0.9977623703028096,0.9982488115413292,0.9986351031130948,0.998940677042999,0.9991814322604992,0.9993703325080764,0.999517910826496,0.9996326939630444,0.999721558326824,0.9997900275907198,0.9998425206930398,0.9998825578049788,0.9999129307864498,0.999935843737384,0.9999530284505848,0.9999658388731526,0.9999753280750546,0.9999823106953222,0.999987413379364,0.9999911153266098,0.9999937807286268,0.9999956845872104,0.9999970331537072,0.9999979800195452,0.999998638708824,0.9999990924725494,0.9999994018569076,0.9999996105114748,0.9999997496145194,0.9999998412189636,0.9999999007618522,0.9999999389303706,0.9999999630368032,0.999999978021883,0.9999999871794316,0.999999992673961,0.999999995906037,0.9999999977669292,0.9999999988136812,0.9999999993877065,0.9999999996938532,0.999999999852205,0.9999999999313808,0.9999999999695026,0.9999999999870972,0.9999999999948388,0.9999999999980644,0.9999999999993268,0.9999999999997858,0.9999999999999388,0.9999999999999848,0.9999999999999968,0.9999999999999994,1.0,1.0,1.0,1.0,1.0,1.0,1.0,1.0,1.0,1.0,1.0,1.0,1.0,1.0,1.0,1.0,1.0
ABC416,1.0,1.0,1.0,1.0,1.0,1.0,1.0,1.0,1.0,1.0,1.0,1.0,1.0,1.0,1.0,1.0,1.0,1.0,1.0,1.0,1.0,1.0,1.0,1.0,1.0,1.0,1.0,1.0,1.0,1.0,1.0,1.0,1.0,1.0,1.0,1.0,1.0,1.0,1.0,1.0,1.0,1.0,1.0,1.0,1.0,1.0,1.0,1.0,1.0,1.0,1.0,1.0,1.0,1.0,1.0,1.0,1.0,1.0,1.0,1.0,1.0,1.0,1.0,1.0,1.0,1.0,1.0,1.0,1.0,1.0,1.0,1.0,1.0,1.0,1.0,1.0,1.0,1.0,1.0,1.0,1.0,1.0,1.0,1.0,1.0,1.0,1.0,1.0,1.0,1.0,1.0,1.0,1.0,1.0,1.0,1.0,1.0,1.0,1.0,1.0
ABC405,0.83,0.9725252525252526,0.9957946815089672,0.9993930468157272,0.9999178084229632,0.9999896179060584,0.9999987850741132,0.9999998693628078,0.9999999872202748,0.9999999988765076,0.9999999999126172,0.999999999994109,0.9999999999996652,0.9999999999999846,0.9999999999999994,1.0,1.0,1.0,1.0,1.0,1.0,1.0,1.0,1.0,1.0,1.0,1.0,1.0,1.0,1.0,1.0,1.0,1.0,1.0,1.0,1.0,1.0,1.0,1.0,1.0,1.0,1.0,1.0,1.0,1.0,1.0,1.0,1.0,1.0,1.0,1.0,1.0,1.0,1.0,1.0,1.0,1.0,1.0,1.0,1.0,1.0,1.0,1.0,1.0,1.0,1.0,1.0,1.0,1.0,1.0,1.0,1.0,1.0,1.0,1.0,1.0,1.0,1.0,1.0,1.0,1.0,1.0,1.0,1.0,1.0,1.0,1.0,1.0,1.0,1.0,1.0,1.0,1.0,1.0,1.0,1.0,1.0,1.0,1.0,1.0
ABC395,1.0,1.0,1.0,1.0,1.0,1.0,1.0,1.0,1.0,1.0,1.0,1.0,1.0,1.0,1.0,1.0,1.0,1.0,1.0,1.0,1.0,1.0,1.0,1.0,1.0,1.0,1.0,1.0,1.0,1.0,1.0,1.0,1.0,1.0,1.0,1.0,1.0,1.0,1.0,1.0,1.0,1.0,1.0,1.0,1.0,1.0,1.0,1.0,1.0,1.0,1.0,1.0,1.0,1.0,1.0,1.0,1.0,1.0,1.0,1.0,1.0,1.0,1.0,1.0,1.0,1.0,1.0,1.0,1.0,1.0,1.0,1.0,1.0,1.0,1.0,1.0,1.0,1.0,1.0,1.0,1.0,1.0,1.0,1.0,1.0,1.0,1.0,1.0,1.0,1.0,1.0,1.0,1.0,1.0,1.0,1.0,1.0,1.0,1.0,1.0
ABC396,0.99,1.0,1.0,1.0,1.0,1.0,1.0,1.0,1.0,1.0,1.0,1.0,1.0,1.0,1.0,1.0,1.0,1.0,1.0,1.0,1.0,1.0,1.0,1.0,1.0,1.0,1.0,1.0,1.0,1.0,1.0,1.0,1.0,1.0,1.0,1.0,1.0,1.0,1.0,1.0,1.0,1.0,1.0,1.0,1.0,1.0,1.0,1.0,1.0,1.0,1.0,1.0,1.0,1.0,1.0,1.0,1.0,1.0,1.0,1.0,1.0,1.0,1.0,1.0,1.0,1.0,1.0,1.0,1.0,1.0,1.0,1.0,1.0,1.0,1.0,1.0,1.0,1.0,1.0,1.0,1.0,1.0,1.0,1.0,1.0,1.0,1.0,1.0,1.0,1.0,1.0,1.0,1.0,1.0,1.0,1.0,1.0,1.0,1.0,1.0
ABC408,0.1999999999999999,0.3616161616161615,0.4918985776128632,0.5966617574864997,0.6806905580101457,0.7479135984290624,0.8015490030186235,0.8442266367780593,0.8780904113915247,0.9048837275692116,0.9260206769982756,0.9426452439649552,0.955680415791102,0.965868825954067,0.9738063082903304,0.9799695298690764,0.984738689424058,0.9884161136592248,0.9912414517911212,0.9934040562871408,0.9950530422153556,0.9963054365912148,0.9972527605421854,0.9979663292325268,0.998501505750283,0.9989011042168742,0.9991981030771784,0.9994178008642528,0.9995795228464048,0.9996979671150232,0.9997842622250166,0.9998467949134175,0.9998918552330006,0.9999241372530004,0.9999471259642124,0.9999633948983008,0.999974833992582,0.999982823201286,0.999988364104097,0.999992179151934,0.9999947861012892,0.999996553524581,0.9999977419643808,0.9999985342575805,0.999999057737016,0.9999994003781012,0.9999996224602858,0.9999997649281024,0.9999998553403708,0.9999999120696372,0.9999999472417824,0.9999999687757488,0.9999999817858534,0.999999989536554,0.9999999940858784,0.9999999967143768,0.999999998207842,0.9999999990414038,0.9999999994978782,0.9999999997428156,0.999999999871408,0.9999999999373526,0.9999999999703248,0.9999999999863656,0.9999999999939402,0.999999999997403,0.9999999999989306,0.9999999999995788,0.999999999999842,0.999999999999944,0.9999999999999812,0.9999999999999942,0.9999999999999984,0.9999999999999996,1.0,1.0,1.0,1.0,1.0,1.0,1.0,1.0,1.0,1.0,1.0,1.0,1.0,1.0,1.0,1.0,1.0,1.0,1.0,1.0,1.0,1.0,1.0,1.0,1.0,1.0
ABC419,1.0,1.0,1.0,1.0,1.0,1.0,1.0,1.0,1.0,1.0,1.0,1.0,1.0,1.0,1.0,1.0,1.0,1.0,1.0,1.0,1.0,1.0,1.0,1.0,1.0,1.0,1.0,1.0,1.0,1.0,1.0,1.0,1.0,1.0,1.0,1.0,1.0,1.0,1.0,1.0,1.0,1.0,1.0,1.0,1.0,1.0,1.0,1.0,1.0,1.0,1.0,1.0,1.0,1.0,1.0,1.0,1.0,1.0,1.0,1.0,1.0,1.0,1.0,1.0,1.0,1.0,1.0,1.0,1.0,1.0,1.0,1.0,1.0,1.0,1.0,1.0,1.0,1.0,1.0,1.0,1.0,1.0,1.0,1.0,1.0,1.0,1.0,1.0,1.0,1.0,1.0,1.0,1.0,1.0,1.0,1.0,1.0,1.0,1.0,1.0
ABC420,0.74,0.9343434343434344,0.983920841063698,0.9961874159223202,0.9991262828155316,0.9998068625171176,0.9999589069185356,0.9999916046392708,0.9999983574294226,0.999999693146156,0.9999999454482056,0.9999999908058772,0.9999999985372988,0.9999999997814354,0.9999999999695026,0.9999999999960532,0.9999999999995302,0.999999999999949,0.999999999999995,0.9999999999999996,1.0,1.0,1.0,1.0,1.0,1.0,1.0,1.0,1.0,1.0,1.0,1.0,1.0,1.0,1.0,1.0,1.0,1.0,1.0,1.0,1.0,1.0,1.0,1.0,1.0,1.0,1.0,1.0,1.0,1.0,1.0,1.0,1.0,1.0,1.0,1.0,1.0,1.0,1.0,1.0,1.0,1.0,1.0,1.0,1.0,1.0,1.0,1.0,1.0,1.0,1.0,1.0,1.0,1.0,1.0,1.0,1.0,1.0,1.0,1.0,1.0,1.0,1.0,1.0,1.0,1.0,1.0,1.0,1.0,1.0,1.0,1.0,1.0,1.0,1.0,1.0,1.0,1.0,1.0,1.0
ABC409,0.54,0.7909090909090909,0.9061224489795918,0.9583841784136335,0.9817930780559646,0.9921422757925742,0.9966562875713082,0.9985977980137744,0.999420829614385,0.9997645131399148,0.999905805255966,0.9999629571231328,0.999985687979392,0.999994571302528,0.9999979800195452,0.999999263301246,0.999999736893302,0.9999999080711538,0.9999999686096622,0.999999989536554,0.99999999659938,0.9999999989238544,0.9999999996688784,0.9999999999010936,0.9999999999713692,0.9999999999919834,0.9999999999978332,0.999999999999436,0.999999999999859,0.9999999999999662,0.9999999999999925,0.9999999999999984,0.9999999999999996,1.0,1.0,1.0,1.0,1.0,1.0,1.0,1.0,1.0,1.0,1.0,1.0,1.0,1.0,1.0,1.0,1.0,1.0,1.0,1.0,1.0,1.0,1.0,1.0,1.0,1.0,1.0,1.0,1.0,1.0,1.0,1.0,1.0,1.0,1.0,1.0,1.0,1.0,1.0,1.0,1.0,1.0,1.0,1.0,1.0,1.0,1.0,1.0,1.0,1.0,1.0,1.0,1.0,1.0,1.0,1.0,1.0,1.0,1.0,1.0,1.0,1.0,1.0,1.0,1.0,1.0,1.0
ABC418,0.91,0.9927272727272728,0.9994805194805196,0.999967867184362,0.9999983264158522,0.9999999295332992,0.9999999977510629,0.9999999999516358,0.9999999999994744,1.0,1.0,1.0,1.0,1.0,1.0,1.0,1.0,1.0,1.0,1.0,1.0,1.0,1.0,1.0,1.0,1.0,1.0,1.0,1.0,1.0,1.0,1.0,1.0,1.0,1.0,1.0,1.0,1.0,1.0,1.0,1.0,1.0,1.0,1.0,1.0,1.0,1.0,1.0,1.0,1.0,1.0,1.0,1.0,1.0,1.0,1.0,1.0,1.0,1.0,1.0,1.0,1.0,1.0,1.0,1.0,1.0,1.0,1.0,1.0,1.0,1.0,1.0,1.0,1.0,1.0,1.0,1.0,1.0,1.0,1.0,1.0,1.0,1.0,1.0,1.0,1.0,1.0,1.0,1.0,1.0,1.0,1.0,1.0,1.0,1.0,1.0,1.0,1.0,1.0,1.0
ABC417,0.76,0.9442424242424242,0.987482993197279,0.9972901325478644,0.9994354442808052,0.9998870888561612,0.9999783787171372,0.9999960477224874,0.9999993126473892,0.9999998867001192,0.999999982375574,0.9999999974256456,0.9999999996489516,0.9999999999556146,0.9999999999948388,0.9999999999994535,0.999999999999948,0.9999999999999956,0.9999999999999996,1.0,1.0,1.0,1.0,1.0,1.0,1.0,1.0,1.0,1.0,1.0,1.0,1.0,1.0,1.0,1.0,1.0,1.0,1.0,1.0,1.0,1.0,1.0,1.0,1.0,1.0,1.0,1.0,1.0,1.0,1.0,1.0,1.0,1.0,1.0,1.0,1.0,1.0,1.0,1.0,1.0,1.0,1.0,1.0,1.0,1.0,1.0,1.0,1.0,1.0,1.0,1.0,1.0,1.0,1.0,1.0,1.0,1.0,1.0,1.0,1.0,1.0,1.0,1.0,1.0,1.0,1.0,1.0,1.0,1.0,1.0,1.0,1.0,1.0,1.0,1.0,1.0,1.0,1.0,1.0,1.0
ABC404,0.0,0.0,0.0,0.0,0.0,0.0,0.0,0.0,0.0,0.0,0.0,0.0,0.0,0.0,0.0,0.0,0.0,0.0,0.0,0.0,0.0,0.0,0.0,0.0,0.0,0.0,0.0,0.0,0.0,0.0,0.0,0.0,0.0,0.0,0.0,0.0,0.0,0.0,0.0,0.0,0.0,0.0,0.0,0.0,0.0,0.0,0.0,0.0,0.0,0.0,0.0,0.0,0.0,0.0,0.0,0.0,0.0,0.0,0.0,0.0,0.0,0.0,0.0,0.0,0.0,0.0,0.0,0.0,0.0,0.0,0.0,0.0,0.0,0.0,0.0,0.0,0.0,0.0,0.0,0.0,0.0,0.0,0.0,0.0,0.0,0.0,0.0,0.0,0.0,0.0,0.0,0.0,0.0,0.0,0.0,0.0,0.0,0.0,0.0,0.0
ABC397,1.0,1.0,1.0,1.0,1.0,1.0,1.0,1.0,1.0,1.0,1.0,1.0,1.0,1.0,1.0,1.0,1.0,1.0,1.0,1.0,1.0,1.0,1.0,1.0,1.0,1.0,1.0,1.0,1.0,1.0,1.0,1.0,1.0,1.0,1.0,1.0,1.0,1.0,1.0,1.0,1.0,1.0,1.0,1.0,1.0,1.0,1.0,1.0,1.0,1.0,1.0,1.0,1.0,1.0,1.0,1.0,1.0,1.0,1.0,1.0,1.0,1.0,1.0,1.0,1.0,1.0,1.0,1.0,1.0,1.0,1.0,1.0,1.0,1.0,1.0,1.0,1.0,1.0,1.0,1.0,1.0,1.0,1.0,1.0,1.0,1.0,1.0,1.0,1.0,1.0,1.0,1.0,1.0,1.0,1.0,1.0,1.0,1.0,1.0,1.0
ABC392,0.81,0.9654545454545456,0.9940074211502784,0.9990115333856128,0.999845552091502,0.9999772392555898,0.9999968522374753,0.9999995938370936,0.9999999514370438,0.9999999946634114,0.9999999994663412,0.9999999999520308,0.9999999999961844,0.9999999999997368,0.9999999999999848,0.9999999999999992,1.0,1.0,1.0,1.0,1.0,1.0,1.0,1.0,1.0,1.0,1.0,1.0,1.0,1.0,1.0,1.0,1.0,1.0,1.0,1.0,1.0,1.0,1.0,1.0,1.0,1.0,1.0,1.0,1.0,1.0,1.0,1.0,1.0,1.0,1.0,1.0,1.0,1.0,1.0,1.0,1.0,1.0,1.0,1.0,1.0,1.0,1.0,1.0,1.0,1.0,1.0,1.0,1.0,1.0,1.0,1.0,1.0,1.0,1.0,1.0,1.0,1.0,1.0,1.0,1.0,1.0,1.0,1.0,1.0,1.0,1.0,1.0,1.0,1.0,1.0,1.0,1.0,1.0,1.0,1.0,1.0,1.0,1.0,1.0
ABC415,1.0,1.0,1.0,1.0,1.0,1.0,1.0,1.0,1.0,1.0,1.0,1.0,1.0,1.0,1.0,1.0,1.0,1.0,1.0,1.0,1.0,1.0,1.0,1.0,1.0,1.0,1.0,1.0,1.0,1.0,1.0,1.0,1.0,1.0,1.0,1.0,1.0,1.0,1.0,1.0,1.0,1.0,1.0,1.0,1.0,1.0,1.0,1.0,1.0,1.0,1.0,1.0,1.0,1.0,1.0,1.0,1.0,1.0,1.0,1.0,1.0,1.0,1.0,1.0,1.0,1.0,1.0,1.0,1.0,1.0,1.0,1.0,1.0,1.0,1.0,1.0,1.0,1.0,1.0,1.0,1.0,1.0,1.0,1.0,1.0,1.0,1.0,1.0,1.0,1.0,1.0,1.0,1.0,1.0,1.0,1.0,1.0,1.0,1.0,1.0
ABC421,0.5,0.7525252525252525,0.8787878787878788,0.9412683536394876,0.9718577527855878,0.9866694618458048,0.9937601736299512,0.9971149189901924,0.9986828977998704,0.999406580327414,0.9997362579232952,0.9998844276293092,0.99995009374902,0.9999787755024568,0.9999911153266098,0.9999963416050748,0.9999985192211016,0.9999994112565824,0.9999997702464712,0.9999999120696372,0.999999967026114,0.999999987895662,0.9999999956548532,0.999999998476377,0.9999999994787606,0.9999999998262536,0.9999999999436496,0.999999999982246,0.9999999999945752,0.9999999999983956,0.9999999999995416,0.9999999999998738,0.9999999999999666,0.9999999999999916,0.999999999999998,0.9999999999999996,1.0,1.0,1.0,1.0,1.0,1.0,1.0,1.0,1.0,1.0,1.0,1.0,1.0,1.0,1.0,1.0,1.0,1.0,1.0,1.0,1.0,1.0,1.0,1.0,1.0,1.0,1.0,1.0,1.0,1.0,1.0,1.0,1.0,1.0,1.0,1.0,1.0,1.0,1.0,1.0,1.0,1.0,1.0,1.0,1.0,1.0,1.0,1.0,1.0,1.0,1.0,1.0,1.0,1.0,1.0,1.0,1.0,1.0,1.0,1.0,1.0,1.0,1.0,1.0
ABC413,1.0,1.0,1.0,1.0,1.0,1.0,1.0,1.0,1.0,1.0,1.0,1.0,1.0,1.0,1.0,1.0,1.0,1.0,1.0,1.0,1.0,1.0,1.0,1.0,1.0,1.0,1.0,1.0,1.0,1.0,1.0,1.0,1.0,1.0,1.0,1.0,1.0,1.0,1.0,1.0,1.0,1.0,1.0,1.0,1.0,1.0,1.0,1.0,1.0,1.0,1.0,1.0,1.0,1.0,1.0,1.0,1.0,1.0,1.0,1.0,1.0,1.0,1.0,1.0,1.0,1.0,1.0,1.0,1.0,1.0,1.0,1.0,1.0,1.0,1.0,1.0,1.0,1.0,1.0,1.0,1.0,1.0,1.0,1.0,1.0,1.0,1.0,1.0,1.0,1.0,1.0,1.0,1.0,1.0,1.0,1.0,1.0,1.0,1.0,1.0
ABC414,0.0,0.0,0.0,0.0,0.0,0.0,0.0,0.0,0.0,0.0,0.0,0.0,0.0,0.0,0.0,0.0,0.0,0.0,0.0,0.0,0.0,0.0,0.0,0.0,0.0,0.0,0.0,0.0,0.0,0.0,0.0,0.0,0.0,0.0,0.0,0.0,0.0,0.0,0.0,0.0,0.0,0.0,0.0,0.0,0.0,0.0,0.0,0.0,0.0,0.0,0.0,0.0,0.0,0.0,0.0,0.0,0.0,0.0,0.0,0.0,0.0,0.0,0.0,0.0,0.0,0.0,0.0,0.0,0.0,0.0,0.0,0.0,0.0,0.0,0.0,0.0,0.0,0.0,0.0,0.0,0.0,0.0,0.0,0.0,0.0,0.0,0.0,0.0,0.0,0.0,0.0,0.0,0.0,0.0,0.0,0.0,0.0,0.0,0.0,0.0
ABC393,0.01,0.02,0.03,0.04,0.05,0.06,0.07,0.08,0.09,0.1,0.1100000000000001,0.1200000000000001,0.1300000000000001,0.1400000000000001,0.1500000000000001,0.1600000000000001,0.1700000000000001,0.1800000000000001,0.1900000000000001,0.2000000000000001,0.2100000000000002,0.2200000000000002,0.2300000000000002,0.2400000000000002,0.2500000000000002,0.2600000000000002,0.2700000000000002,0.2800000000000002,0.2900000000000002,0.3000000000000002,0.3100000000000003,0.3200000000000003,0.3300000000000003,0.3400000000000003,0.3500000000000003,0.3600000000000003,0.3700000000000003,0.3800000000000003,0.3900000000000003,0.4000000000000003,0.4100000000000003,0.4200000000000004,0.4300000000000004,0.4400000000000004,0.4500000000000004,0.4600000000000004,0.4700000000000004,0.4800000000000004,0.4900000000000004,0.5000000000000004,0.5100000000000005,0.5200000000000005,0.5300000000000005,0.5400000000000005,0.5500000000000005,0.5600000000000005,0.5700000000000005,0.5800000000000005,0.5900000000000005,0.6000000000000005,0.6100000000000005,0.6200000000000006,0.6300000000000004,0.6400000000000003,0.6500000000000004,0.6600000000000004,0.6700000000000004,0.6800000000000004,0.6900000000000004,0.7000000000000004,0.7100000000000004,0.7200000000000003,0.7300000000000003,0.7400000000000003,0.7500000000000003,0.7600000000000003,0.7700000000000002,0.7800000000000002,0.7900000000000003,0.8000000000000003,0.8100000000000003,0.8200000000000003,0.8300000000000003,0.8400000000000003,0.8500000000000002,0.8600000000000002,0.8700000000000002,0.8800000000000001,0.8900000000000001,0.9000000000000001,0.91,0.9200000000000002,0.9300000000000002,0.94,0.95,0.96,0.97,0.98,0.99,1.0
ABC400,0.8,0.9616161616161616,0.9929499072356216,0.998764416732016,0.999794069455336,0.9999674846508424,0.9999951572884234,0.9999993230618226,0.999999911703716,0.9999999893268228,0.9999999988140914,0.9999999998800768,0.9999999999890978,0.9999999999991228,0.9999999999999388,0.9999999999999964,0.9999999999999998,1.0,1.0,1.0,1.0,1.0,1.0,1.0,1.0,1.0,1.0,1.0,1.0,1.0,1.0,1.0,1.0,1.0,1.0,1.0,1.0,1.0,1.0,1.0,1.0,1.0,1.0,1.0,1.0,1.0,1.0,1.0,1.0,1.0,1.0,1.0,1.0,1.0,1.0,1.0,1.0,1.0,1.0,1.0,1.0,1.0,1.0,1.0,1.0,1.0,1.0,1.0,1.0,1.0,1.0,1.0,1.0,1.0,1.0,1.0,1.0,1.0,1.0,1.0,1.0,1.0,1.0,1.0,1.0,1.0,1.0,1.0,1.0,1.0,1.0,1.0,1.0,1.0,1.0,1.0,1.0,1.0,1.0,1.0
ABC401,1.0,1.0,1.0,1.0,1.0,1.0,1.0,1.0,1.0,1.0,1.0,1.0,1.0,1.0,1.0,1.0,1.0,1.0,1.0,1.0,1.0,1.0,1.0,1.0,1.0,1.0,1.0,1.0,1.0,1.0,1.0,1.0,1.0,1.0,1.0,1.0,1.0,1.0,1.0,1.0,1.0,1.0,1.0,1.0,1.0,1.0,1.0,1.0,1.0,1.0,1.0,1.0,1.0,1.0,1.0,1.0,1.0,1.0,1.0,1.0,1.0,1.0,1.0,1.0,1.0,1.0,1.0,1.0,1.0,1.0,1.0,1.0,1.0,1.0,1.0,1.0,1.0,1.0,1.0,1.0,1.0,1.0,1.0,1.0,1.0,1.0,1.0,1.0,1.0,1.0,1.0,1.0,1.0,1.0,1.0,1.0,1.0,1.0,1.0,1.0
ABC398,0.03,0.0593939393939394,0.0881880024737168,0.1163883735312307,0.1440012368583798,0.1710327767470625,0.1974891774891775,0.2233766233766233,0.2487012987012986,0.273469387755102,0.2976870748299319,0.321360544217687,0.3444959802102658,0.367099567099567,0.389177489177489,0.4107359307359306,0.4317810760667903,0.4523191094619665,0.472356215213358,0.4918985776128632,0.5109523809523808,0.5295238095238095,0.5476190476190476,0.5652442795299938,0.5824056895485467,0.5991094619666049,0.6153617810760668,0.6311688311688312,0.6465367965367965,0.6614718614718615,0.6759802102659245,0.6900680272108843,0.7037414965986395,0.7170068027210884,0.7298701298701298,0.7423376623376623,0.7544155844155844,0.7661100803957946,0.7774273345701916,0.7883735312306741,0.7989548546691403,0.8091774891774891,0.819047619047619,0.8285714285714285,0.8377551020408163,0.8466048237476809,0.8551267779839208,0.8633271490414347,0.8712121212121212,0.8787878787878788,0.886060606060606,0.8930364873222016,0.899721706864564,0.9061224489795918,0.9122448979591836,0.918095238095238,0.9236796536796535,0.929004329004329,0.9340754483611626,0.9388991960420532,0.9434817563388992,0.9478293135435992,0.951948051948052,0.9558441558441558,0.9595238095238096,0.9629931972789116,0.9662585034013604,0.9693259121830552,0.9722016079158936,0.9748917748917748,0.9774025974025974,0.9797402597402596,0.9819109461966604,0.983920841063698,0.9857761286332716,0.987482993197279,0.9890476190476192,0.9904761904761904,0.9917748917748918,0.9929499072356216,0.9940074211502784,0.9949536178107606,0.9957946815089672,0.9965367965367964,0.9971861471861472,0.9977489177489176,0.9982312925170068,0.998639455782313,0.9989795918367348,0.9992578849721708,0.9994805194805196,0.9996536796536796,0.9997835497835498,0.9998763141620284,0.9999381570810142,0.9999752628324056,0.9999938157081014,1.0,1.0,1.0
ABC403,0.05,0.097979797979798,0.1440012368583797,0.1881248844429993,0.2304100467115931,0.2709147810951935,0.3096959097603428,0.3468090328915071,0.3823085419734904,0.416247633073848,0.4486783201253009,0.4796514482081492,0.5092167068326862,0.5374226432216123,0.5643166755924487,0.5899451064399518,0.6143531358185261,0.637584874624639,0.6596833578792342,0.6806905580101457,0.7006473981345116,0.719593765341188,0.7375685239731631,0.7546095289099708,0.7707536388501042,0.7860367295934306,0.8004937073236043,0.8141585218904807,0.8270641800925306,0.8392427589592537,0.8507254190335928,0.8615424176543469,0.8717231222385862,0.8812960235640648,0.8902887490516356,0.8987280760476637,0.90663994510644,0.9140494732725954,0.9209809673635152,0.9274579372517516,0.9335031091474392,0.9391384388807068,0.9443851251840942,0.9492636229749633,0.9537936566379128,0.9579942333071936,0.96188365614912,0.965479537644486,0.9687988128709778,0.9718577527855878,0.974671977507029,0.9772564695981484,0.9796255873483414,0.9817930780559646,0.983772091310751,0.9855751922762233,0.987214374972107,0.9887010755567456,0.990046185609514,0.991260065413232,0.992352557236578,0.9933329986165038,0.994210235640648,0.9949926362297496,0.9956881034200622,0.9963040886457676,0.99684760502139,0.9973252406242096,0.9977431717766768,0.9981071763288258,0.9984226469406882,0.9986946043647076,0.9989277107281526,0.9991262828155316,0.9992943053510064,0.9994354442808052,0.9995530600556374,0.9996502209131076,0.9997297161601284,0.999794069455336,0.999845552091502,0.9998861962779488,0.9999178084229632,0.9999419824162092,0.9999601129111438,0.9999734086074292,0.9999829055333472,0.9999894803282138,0.9999938635247914,0.9999966528317044,0.9999983264158522,0.9999992561848232,0.9999997210693088,0.9999999203055168,0.9999999867175862,1.0,1.0,1.0,1.0,1.0
ABC394,0.9,0.990909090909091,0.9992578849721708,0.99994644530727,0.9999966528317044,0.9999998238332476,0.9999999925035424,0.9999999997581788,0.999999999994743,0.9999999999999424,1.0,1.0,1.0,1.0,1.0,1.0,1.0,1.0,1.0,1.0,1.0,1.0,1.0,1.0,1.0,1.0,1.0,1.0,1.0,1.0,1.0,1.0,1.0,1.0,1.0,1.0,1.0,1.0,1.0,1.0,1.0,1.0,1.0,1.0,1.0,1.0,1.0,1.0,1.0,1.0,1.0,1.0,1.0,1.0,1.0,1.0,1.0,1.0,1.0,1.0,1.0,1.0,1.0,1.0,1.0,1.0,1.0,1.0,1.0,1.0,1.0,1.0,1.0,1.0,1.0,1.0,1.0,1.0,1.0,1.0,1.0,1.0,1.0,1.0,1.0,1.0,1.0,1.0,1.0,1.0,1.0,1.0,1.0,1.0,1.0,1.0,1.0,1.0,1.0,1.0
ABC399,1.0,1.0,1.0,1.0,1.0,1.0,1.0,1.0,1.0,1.0,1.0,1.0,1.0,1.0,1.0,1.0,1.0,1.0,1.0,1.0,1.0,1.0,1.0,1.0,1.0,1.0,1.0,1.0,1.0,1.0,1.0,1.0,1.0,1.0,1.0,1.0,1.0,1.0,1.0,1.0,1.0,1.0,1.0,1.0,1.0,1.0,1.0,1.0,1.0,1.0,1.0,1.0,1.0,1.0,1.0,1.0,1.0,1.0,1.0,1.0,1.0,1.0,1.0,1.0,1.0,1.0,1.0,1.0,1.0,1.0,1.0,1.0,1.0,1.0,1.0,1.0,1.0,1.0,1.0,1.0,1.0,1.0,1.0,1.0,1.0,1.0,1.0,1.0,1.0,1.0,1.0,1.0,1.0,1.0,1.0,1.0,1.0,1.0,1.0,1.0
ABC412,1.0,1.0,1.0,1.0,1.0,1.0,1.0,1.0,1.0,1.0,1.0,1.0,1.0,1.0,1.0,1.0,1.0,1.0,1.0,1.0,1.0,1.0,1.0,1.0,1.0,1.0,1.0,1.0,1.0,1.0,1.0,1.0,1.0,1.0,1.0,1.0,1.0,1.0,1.0,1.0,1.0,1.0,1.0,1.0,1.0,1.0,1.0,1.0,1.0,1.0,1.0,1.0,1.0,1.0,1.0,1.0,1.0,1.0,1.0,1.0,1.0,1.0,1.0,1.0,1.0,1.0,1.0,1.0,1.0,1.0,1.0,1.0,1.0,1.0,1.0,1.0,1.0,1.0,1.0,1.0,1.0,1.0,1.0,1.0,1.0,1.0,1.0,1.0,1.0,1.0,1.0,1.0,1.0,1.0,1.0,1.0,1.0,1.0,1.0,1.0
ABC410,0.53,0.7816161616161617,0.899721706864564,0.9545129391962972,0.9796255873483414,0.990992364932951,0.9960711378962872,0.9983101668371128,0.99928365768095,0.9997008680425944,0.9998770235286222,0.9999502567082068,0.9999802157362184,0.999992268218752,0.9999970331537072,0.9999988830696308,0.9999995877995068,0.9999998510118698,0.999999947309076,0.9999999817858534,0.9999999938527256,0.9999999979768464,0.9999999993515534,0.9999999997978868,0.999999999938834,0.999999999982058,0.9999999999949084,0.999999999998605,0.999999999999632,0.9999999999999066,0.9999999999999774,0.9999999999999948,0.9999999999999988,0.9999999999999998,1.0,1.0,1.0,1.0,1.0,1.0,1.0,1.0,1.0,1.0,1.0,1.0,1.0,1.0,1.0,1.0,1.0,1.0,1.0,1.0,1.0,1.0,1.0,1.0,1.0,1.0,1.0,1.0,1.0,1.0,1.0,1.0,1.0,1.0,1.0,1.0,1.0,1.0,1.0,1.0,1.0,1.0,1.0,1.0,1.0,1.0,1.0,1.0,1.0,1.0,1.0,1.0,1.0,1.0,1.0,1.0,1.0,1.0,1.0,1.0,1.0,1.0,1.0,1.0,1.0,1.0
ABC402,1.0,1.0,1.0,1.0,1.0,1.0,1.0,1.0,1.0,1.0,1.0,1.0,1.0,1.0,1.0,1.0,1.0,1.0,1.0,1.0,1.0,1.0,1.0,1.0,1.0,1.0,1.0,1.0,1.0,1.0,1.0,1.0,1.0,1.0,1.0,1.0,1.0,1.0,1.0,1.0,1.0,1.0,1.0,1.0,1.0,1.0,1.0,1.0,1.0,1.0,1.0,1.0,1.0,1.0,1.0,1.0,1.0,1.0,1.0,1.0,1.0,1.0,1.0,1.0,1.0,1.0,1.0,1.0,1.0,1.0,1.0,1.0,1.0,1.0,1.0,1.0,1.0,1.0,1.0,1.0,1.0,1.0,1.0,1.0,1.0,1.0,1.0,1.0,1.0,1.0,1.0,1.0,1.0,1.0,1.0,1.0,1.0,1.0,1.0,1.0
ABC411,1.0,1.0,1.0,1.0,1.0,1.0,1.0,1.0,1.0,1.0,1.0,1.0,1.0,1.0,1.0,1.0,1.0,1.0,1.0,1.0,1.0,1.0,1.0,1.0,1.0,1.0,1.0,1.0,1.0,1.0,1.0,1.0,1.0,1.0,1.0,1.0,1.0,1.0,1.0,1.0,1.0,1.0,1.0,1.0,1.0,1.0,1.0,1.0,1.0,1.0,1.0,1.0,1.0,1.0,1.0,1.0,1.0,1.0,1.0,1.0,1.0,1.0,1.0,1.0,1.0,1.0,1.0,1.0,1.0,1.0,1.0,1.0,1.0,1.0,1.0,1.0,1.0,1.0,1.0,1.0,1.0,1.0,1.0,1.0,1.0,1.0,1.0,1.0,1.0,1.0,1.0,1.0,1.0,1.0,1.0,1.0,1.0,1.0,1.0,1.0
