problem_id,track,n_attempts,x_ac,k50,k90,auc_logk,label_AC,label_WA,label_TLE,label_RE,label_MLE,label_CE,label_OTHER,pass_at_1,pass_at_2,pass_at_3,pass_at_4,pass_at_5,pass_at_6,pass_at_7,pass_at_8,pass_at_9,pass_at_10,pass_at_11,pass_at_12,pass_at_13,pass_at_14,pass_at_15,pass_at_16,pass_at_17,pass_at_18,pass_at_19,pass_at_20,pass_at_21,pass_at_22,pass_at_23,pass_at_24,pass_at_25,pass_at_26,pass_at_27,pass_at_28,pass_at_29,pass_at_30,pass_at_31,pass_at_32,pass_at_33,pass_at_34,pass_at_35,pass_at_36,pass_at_37,pass_at_38,pass_at_39,pass_at_40,pass_at_41,pass_at_42,pass_at_43,pass_at_44,pass_at_45,pass_at_46,pass_at_47,pass_at_48,pass_at_49,pass_at_50,pass_at_51,pass_at_52,pass_at_53,pass_at_54,pass_at_55,pass_at_56,pass_at_57,pass_at_58,pass_at_59,pass_at_60,pass_at_61,pass_at_62,pass_at_63,pass_at_64,pass_at_65,pass_at_66,pass_at_67,pass_at_68,pass_at_69,pass_at_70,pass_at_71,pass_at_72,pass_at_73,pass_at_74,pass_at_75,pass_at_76,pass_at_77,pass_at_78,pass_at_79,pass_at_80,pass_at_81,pass_at_82,pass_at_83,pass_at_84,pass_at_85,pass_at_86,pass_at_87,pass_at_88,pass_at_89,pass_at_90,pass_at_91,pass_at_92,pass_at_93,pass_at_94,pass_at_95,pass_at_96,pass_at_97,pass_at_98,pass_at_99,pass_at_100,model,w,z_B,z_T,z_H,z_WA
ABC392,CoT,100,81,1.0,2.0,4.517980186170205,81,19,0,0,0,0,0,0.81,0.9654545454545456,0.9940074211502784,0.9990115333856128,0.999845552091502,0.9999772392555898,0.9999968522374753,0.9999995938370936,0.9999999514370438,0.9999999946634114,0.9999999994663412,0.9999999999520308,0.9999999999961844,0.9999999999997368,0.9999999999999848,0.9999999999999992,1.0,1.0,1.0,1.0,1.0,1.0,1.0,1.0,1.0,1.0,1.0,1.0,1.0,1.0,1.0,1.0,1.0,1.0,1.0,1.0,1.0,1.0,1.0,1.0,1.0,1.0,1.0,1.0,1.0,1.0,1.0,1.0,1.0,1.0,1.0,1.0,1.0,1.0,1.0,1.0,1.0,1.0,1.0,1.0,1.0,1.0,1.0,1.0,1.0,1.0,1.0,1.0,1.0,1.0,1.0,1.0,1.0,1.0,1.0,1.0,1.0,1.0,1.0,1.0,1.0,1.0,1.0,1.0,1.0,1.0,1.0,1.0,1.0,1.0,1.0,1.0,1.0,1.0,1.0,1.0,1.0,1.0,1.0,1.0,deepseek-coder-7b-instruct-v1.5,1.0,0.794637198494669,-1.1099218058382023,-0.5431687708553892,-0.3188383909564422
ABC393,CoT,100,1,50.0,90.0,0.9908022813623976,1,99,0,0,0,0,0,0.01,0.02,0.03,0.04,0.05,0.06,0.07,0.08,0.09,0.1,0.1100000000000001,0.1200000000000001,0.1300000000000001,0.1400000000000001,0.1500000000000001,0.1600000000000001,0.1700000000000001,0.1800000000000001,0.1900000000000001,0.2000000000000001,0.2100000000000002,0.2200000000000002,0.2300000000000002,0.2400000000000002,0.2500000000000002,0.2600000000000002,0.2700000000000002,0.2800000000000002,0.2900000000000002,0.3000000000000002,0.3100000000000003,0.3200000000000003,0.3300000000000003,0.3400000000000003,0.3500000000000003,0.3600000000000003,0.3700000000000003,0.3800000000000003,0.3900000000000003,0.4000000000000003,0.4100000000000003,0.4200000000000004,0.4300000000000004,0.4400000000000004,0.4500000000000004,0.4600000000000004,0.4700000000000004,0.4800000000000004,0.4900000000000004,0.5000000000000004,0.5100000000000005,0.5200000000000005,0.5300000000000005,0.5400000000000005,0.5500000000000005,0.5600000000000005,0.5700000000000005,0.5800000000000005,0.5900000000000005,0.6000000000000005,0.6100000000000005,0.6200000000000006,0.6300000000000004,0.6400000000000003,0.6500000000000004,0.6600000000000004,0.6700000000000004,0.6800000000000004,0.6900000000000004,0.7000000000000004,0.7100000000000004,0.7200000000000003,0.7300000000000003,0.7400000000000003,0.7500000000000003,0.7600000000000003,0.7700000000000002,0.7800000000000002,0.7900000000000003,0.8000000000000003,0.8100000000000003,0.8200000000000003,0.8300000000000003,0.8400000000000003,0.8500000000000002,0.8600000000000002,0.8700000000000002,0.8800000000000001,0.8900000000000001,0.9000000000000001,0.91,0.9200000000000002,0.9300000000000002,0.94,0.95,0.96,0.97,0.98,0.99,1.0,deepseek-coder-7b-instruct-v1.5,0.8235294117647058,1.36193605744027,-0.7344672051885421,-0.5534928910634889,-0.5928937061567103
ABC394,CoT,100,90,1.0,1.0,4.565247549387755,90,10,0,0,0,0,0,0.9,0.990909090909091,0.9992578849721708,0.99994644530727,0.9999966528317044,0.9999998238332476,0.9999999925035424,0.9999999997581788,0.999999999994743,0.9999999999999424,1.0,1.0,1.0,1.0,1.0,1.0,1.0,1.0,1.0,1.0,1.0,1.0,1.0,1.0,1.0,1.0,1.0,1.0,1.0,1.0,1.0,1.0,1.0,1.0,1.0,1.0,1.0,1.0,1.0,1.0,1.0,1.0,1.0,1.0,1.0,1.0,1.0,1.0,1.0,1.0,1.0,1.0,1.0,1.0,1.0,1.0,1.0,1.0,1.0,1.0,1.0,1.0,1.0,1.0,1.0,1.0,1.0,1.0,1.0,1.0,1.0,1.0,1.0,1.0,1.0,1.0,1.0,1.0,1.0,1.0,1.0,1.0,1.0,1.0,1.0,1.0,1.0,1.0,1.0,1.0,1.0,1.0,1.0,1.0,1.0,1.0,1.0,1.0,1.0,1.0,deepseek-coder-7b-instruct-v1.5,0.3529411764705882,-1.2563043817886357,-0.3879553586104252,-1.0678501636637183,-1.0377128216981006
ABC395,CoT,100,100,1.0,1.0,4.605170185988092,100,0,0,0,0,0,0,1.0,1.0,1.0,1.0,1.0,1.0,1.0,1.0,1.0,1.0,1.0,1.0,1.0,1.0,1.0,1.0,1.0,1.0,1.0,1.0,1.0,1.0,1.0,1.0,1.0,1.0,1.0,1.0,1.0,1.0,1.0,1.0,1.0,1.0,1.0,1.0,1.0,1.0,1.0,1.0,1.0,1.0,1.0,1.0,1.0,1.0,1.0,1.0,1.0,1.0,1.0,1.0,1.0,1.0,1.0,1.0,1.0,1.0,1.0,1.0,1.0,1.0,1.0,1.0,1.0,1.0,1.0,1.0,1.0,1.0,1.0,1.0,1.0,1.0,1.0,1.0,1.0,1.0,1.0,1.0,1.0,1.0,1.0,1.0,1.0,1.0,1.0,1.0,1.0,1.0,1.0,1.0,1.0,1.0,1.0,1.0,1.0,1.0,1.0,1.0,deepseek-coder-7b-instruct-v1.5,1.5294117647058822,0.1305660300150847,-0.4854086704712708,0.7091350055960471,0.5914581430981675
ABC396,CoT,100,99,1.0,1.0,4.601704450085292,99,1,0,0,0,0,0,0.99,1.0,1.0,1.0,1.0,1.0,1.0,1.0,1.0,1.0,1.0,1.0,1.0,1.0,1.0,1.0,1.0,1.0,1.0,1.0,1.0,1.0,1.0,1.0,1.0,1.0,1.0,1.0,1.0,1.0,1.0,1.0,1.0,1.0,1.0,1.0,1.0,1.0,1.0,1.0,1.0,1.0,1.0,1.0,1.0,1.0,1.0,1.0,1.0,1.0,1.0,1.0,1.0,1.0,1.0,1.0,1.0,1.0,1.0,1.0,1.0,1.0,1.0,1.0,1.0,1.0,1.0,1.0,1.0,1.0,1.0,1.0,1.0,1.0,1.0,1.0,1.0,1.0,1.0,1.0,1.0,1.0,1.0,1.0,1.0,1.0,1.0,1.0,1.0,1.0,1.0,1.0,1.0,1.0,1.0,1.0,1.0,1.0,1.0,1.0,deepseek-coder-7b-instruct-v1.5,1.5294117647058822,0.6380459914389404,-0.4852233923094055,0.8455814594161053,0.7882666893697639
ABC397,CoT,100,100,1.0,1.0,4.605170185988092,100,0,0,0,0,0,0,1.0,1.0,1.0,1.0,1.0,1.0,1.0,1.0,1.0,1.0,1.0,1.0,1.0,1.0,1.0,1.0,1.0,1.0,1.0,1.0,1.0,1.0,1.0,1.0,1.0,1.0,1.0,1.0,1.0,1.0,1.0,1.0,1.0,1.0,1.0,1.0,1.0,1.0,1.0,1.0,1.0,1.0,1.0,1.0,1.0,1.0,1.0,1.0,1.0,1.0,1.0,1.0,1.0,1.0,1.0,1.0,1.0,1.0,1.0,1.0,1.0,1.0,1.0,1.0,1.0,1.0,1.0,1.0,1.0,1.0,1.0,1.0,1.0,1.0,1.0,1.0,1.0,1.0,1.0,1.0,1.0,1.0,1.0,1.0,1.0,1.0,1.0,1.0,1.0,1.0,1.0,1.0,1.0,1.0,1.0,1.0,1.0,1.0,1.0,1.0,deepseek-coder-7b-instruct-v1.5,1.0588235294117647,-0.0872427431051071,-0.5569527267011065,0.2216684647006315,0.3497461375626247
ABC398,CoT,100,3,21.0,54.0,1.8153535748862049,3,97,0,0,0,0,0,0.03,0.0593939393939394,0.0881880024737168,0.1163883735312307,0.1440012368583798,0.1710327767470625,0.1974891774891775,0.2233766233766233,0.2487012987012986,0.273469387755102,0.2976870748299319,0.321360544217687,0.3444959802102658,0.367099567099567,0.389177489177489,0.4107359307359306,0.4317810760667903,0.4523191094619665,0.472356215213358,0.4918985776128632,0.5109523809523808,0.5295238095238095,0.5476190476190476,0.5652442795299938,0.5824056895485467,0.5991094619666049,0.6153617810760668,0.6311688311688312,0.6465367965367965,0.6614718614718615,0.6759802102659245,0.6900680272108843,0.7037414965986395,0.7170068027210884,0.7298701298701298,0.7423376623376623,0.7544155844155844,0.7661100803957946,0.7774273345701916,0.7883735312306741,0.7989548546691403,0.8091774891774891,0.819047619047619,0.8285714285714285,0.8377551020408163,0.8466048237476809,0.8551267779839208,0.8633271490414347,0.8712121212121212,0.8787878787878788,0.886060606060606,0.8930364873222016,0.899721706864564,0.9061224489795918,0.9122448979591836,0.918095238095238,0.9236796536796535,0.929004329004329,0.9340754483611626,0.9388991960420532,0.9434817563388992,0.9478293135435992,0.951948051948052,0.9558441558441558,0.9595238095238096,0.9629931972789116,0.9662585034013604,0.9693259121830552,0.9722016079158936,0.9748917748917748,0.9774025974025974,0.9797402597402596,0.9819109461966604,0.983920841063698,0.9857761286332716,0.987482993197279,0.9890476190476192,0.9904761904761904,0.9917748917748918,0.9929499072356216,0.9940074211502784,0.9949536178107606,0.9957946815089672,0.9965367965367964,0.9971861471861472,0.9977489177489176,0.9982312925170068,0.998639455782313,0.9989795918367348,0.9992578849721708,0.9994805194805196,0.9996536796536796,0.9997835497835498,0.9998763141620284,0.9999381570810142,0.9999752628324056,0.9999938157081014,1.0,1.0,1.0,deepseek-coder-7b-instruct-v1.5,0.5882352941176471,-0.8045514370852237,-0.4757746795435722,-0.5962299468086405,-0.3834140766780491
ABC399,CoT,100,100,1.0,1.0,4.605170185988092,100,0,0,0,0,0,0,1.0,1.0,1.0,1.0,1.0,1.0,1.0,1.0,1.0,1.0,1.0,1.0,1.0,1.0,1.0,1.0,1.0,1.0,1.0,1.0,1.0,1.0,1.0,1.0,1.0,1.0,1.0,1.0,1.0,1.0,1.0,1.0,1.0,1.0,1.0,1.0,1.0,1.0,1.0,1.0,1.0,1.0,1.0,1.0,1.0,1.0,1.0,1.0,1.0,1.0,1.0,1.0,1.0,1.0,1.0,1.0,1.0,1.0,1.0,1.0,1.0,1.0,1.0,1.0,1.0,1.0,1.0,1.0,1.0,1.0,1.0,1.0,1.0,1.0,1.0,1.0,1.0,1.0,1.0,1.0,1.0,1.0,1.0,1.0,1.0,1.0,1.0,1.0,1.0,1.0,1.0,1.0,1.0,1.0,1.0,1.0,1.0,1.0,1.0,1.0,deepseek-coder-7b-instruct-v1.5,0.3529411764705882,-0.7526398731784819,-0.3480303529009059,-1.039410813927689,-0.9701789064339884
ABC400,CoT,100,44,2.0,4.0,4.138117282494429,44,56,0,0,0,0,0,0.4399999999999999,0.6888888888888889,0.8285714285714285,0.9063328424153166,0.9492636229749633,0.972762576544454,0.9855120088002416,0.992366542271095,0.9960173264023104,0.9979430147352591,0.9989486519757992,0.9994684195383254,0.9997342097691628,0.9998686324146436,0.999935843737384,0.9999690540380324,0.9999852638276344,0.9999930757744306,0.999996791212541,0.9999985342575805,0.9999993404159112,0.9999997077792012,0.9999998726217032,0.9999999454093014,0.9999999770144428,0.999999990499303,0.999999996148366,0.9999999984698988,0.9999999994049606,0.9999999997737176,0.9999999999159522,0.999999999969548,0.9999999999892522,0.9999999999963104,0.9999999999987702,0.9999999999996028,0.999999999999876,0.9999999999999626,0.9999999999999892,0.999999999999997,0.9999999999999992,0.9999999999999998,1.0,1.0,1.0,1.0,1.0,1.0,1.0,1.0,1.0,1.0,1.0,1.0,1.0,1.0,1.0,1.0,1.0,1.0,1.0,1.0,1.0,1.0,1.0,1.0,1.0,1.0,1.0,1.0,1.0,1.0,1.0,1.0,1.0,1.0,1.0,1.0,1.0,1.0,1.0,1.0,1.0,1.0,1.0,1.0,1.0,1.0,1.0,1.0,1.0,1.0,1.0,1.0,1.0,1.0,1.0,1.0,1.0,1.0,deepseek-coder-7b-instruct-v1.5,0.7647058823529411,0.6219212471892703,-0.3308256141650119,-0.7412838357324284,-0.6131206006535906
ABC401,CoT,100,100,1.0,1.0,4.605170185988092,100,0,0,0,0,0,0,1.0,1.0,1.0,1.0,1.0,1.0,1.0,1.0,1.0,1.0,1.0,1.0,1.0,1.0,1.0,1.0,1.0,1.0,1.0,1.0,1.0,1.0,1.0,1.0,1.0,1.0,1.0,1.0,1.0,1.0,1.0,1.0,1.0,1.0,1.0,1.0,1.0,1.0,1.0,1.0,1.0,1.0,1.0,1.0,1.0,1.0,1.0,1.0,1.0,1.0,1.0,1.0,1.0,1.0,1.0,1.0,1.0,1.0,1.0,1.0,1.0,1.0,1.0,1.0,1.0,1.0,1.0,1.0,1.0,1.0,1.0,1.0,1.0,1.0,1.0,1.0,1.0,1.0,1.0,1.0,1.0,1.0,1.0,1.0,1.0,1.0,1.0,1.0,1.0,1.0,1.0,1.0,1.0,1.0,1.0,1.0,1.0,1.0,1.0,1.0,deepseek-coder-7b-instruct-v1.5,0.6470588235294118,-0.4823465436940855,-0.623540230219966,-0.1053300357044863,-0.3211063669390298
ABC402,CoT,100,100,1.0,1.0,4.605170185988092,100,0,0,0,0,0,0,1.0,1.0,1.0,1.0,1.0,1.0,1.0,1.0,1.0,1.0,1.0,1.0,1.0,1.0,1.0,1.0,1.0,1.0,1.0,1.0,1.0,1.0,1.0,1.0,1.0,1.0,1.0,1.0,1.0,1.0,1.0,1.0,1.0,1.0,1.0,1.0,1.0,1.0,1.0,1.0,1.0,1.0,1.0,1.0,1.0,1.0,1.0,1.0,1.0,1.0,1.0,1.0,1.0,1.0,1.0,1.0,1.0,1.0,1.0,1.0,1.0,1.0,1.0,1.0,1.0,1.0,1.0,1.0,1.0,1.0,1.0,1.0,1.0,1.0,1.0,1.0,1.0,1.0,1.0,1.0,1.0,1.0,1.0,1.0,1.0,1.0,1.0,1.0,1.0,1.0,1.0,1.0,1.0,1.0,1.0,1.0,1.0,1.0,1.0,1.0,deepseek-coder-7b-instruct-v1.5,0.1176470588235294,-1.9782057281584533,-0.6473392922921283,-1.3777658465617155,-1.2961881279745069
ABC403,CoT,100,17,4.0,12.0,3.353580938404761,17,83,0,0,0,0,0,0.17,0.3125252525252525,0.4317810760667904,0.5313658359313735,0.6143531358185261,0.6833636273036321,0.7406276521529751,0.7880398017594206,0.8272063601299624,0.8594864906551343,0.8860279313091645,0.9077978770141556,0.9256096507727846,0.9401456960240796,0.9519773607635056,0.9615818886108044,0.9693569825824274,0.9756332632583158,0.9806849038023236,0.984738689424058,0.9879817179214456,0.9905679305206284,0.9926236379712606,0.9942521854321512,0.995537880796012,0.9965492944822492,0.997342024128219,0.9979610048106886,0.9984424342303873,0.998815372513252,0.9991030677600338,0.9993240510655328,0.9994930382991496,0.9996216703724996,0.9997191189129164,0.9997925801203076,0.9998476760258508,0.9998887793204624,0.9999192753132388,0.9999417723570904,0.999958270189248,0.999970294033024,0.9999790009543792,0.9999852638276344,0.9999897373085312,0.999992909413167,0.9999951416349476,0.9999966999784552,0.9999977788316524,0.9999985192211016,0.9999990226859272,0.9999993617540748,0.9999995877995068,0.999999736893302,0.999999834128386,0.9999998967909958,0.999999936667202,0.99999996170575,0.9999999772058036,0.9999999866570558,0.999999992327807,0.9999999956720964,0.9999999976082636,0.9999999987071696,0.9999999993176728,0.9999999996490888,0.9999999998245443,0.9999999999149306,0.9999999999601238,0.9999999999819914,0.9999999999921962,0.9999999999967708,0.9999999999987316,0.9999999999995302,0.9999999999998374,0.999999999999948,0.9999999999999848,0.999999999999996,0.9999999999999992,0.9999999999999998,1.0,1.0,1.0,1.0,1.0,1.0,1.0,1.0,1.0,1.0,1.0,1.0,1.0,1.0,1.0,1.0,1.0,1.0,1.0,1.0,deepseek-coder-7b-instruct-v1.5,0.5294117647058824,-0.2782046920870102,-0.4359520780521747,-0.7012238483668171,-0.8113836097835858
ABC404,CoT,100,0,,,0.0,0,99,0,1,0,0,0,0.0,0.0,0.0,0.0,0.0,0.0,0.0,0.0,0.0,0.0,0.0,0.0,0.0,0.0,0.0,0.0,0.0,0.0,0.0,0.0,0.0,0.0,0.0,0.0,0.0,0.0,0.0,0.0,0.0,0.0,0.0,0.0,0.0,0.0,0.0,0.0,0.0,0.0,0.0,0.0,0.0,0.0,0.0,0.0,0.0,0.0,0.0,0.0,0.0,0.0,0.0,0.0,0.0,0.0,0.0,0.0,0.0,0.0,0.0,0.0,0.0,0.0,0.0,0.0,0.0,0.0,0.0,0.0,0.0,0.0,0.0,0.0,0.0,0.0,0.0,0.0,0.0,0.0,0.0,0.0,0.0,0.0,0.0,0.0,0.0,0.0,0.0,0.0,0.0,0.0,0.0,0.0,0.0,0.0,0.0,0.0,0.0,0.0,0.0,0.0,deepseek-coder-7b-instruct-v1.5,1.0588235294117647,-0.3223679484641272,-0.5639524463251423,0.2872626423948777,0.1703911455918096
ABC405,CoT,100,71,1.0,2.0,4.449826461327576,71,29,0,0,0,0,0,0.71,0.917979797979798,0.9774025974025974,0.9939429642522426,0.9984226469406882,0.9996015108060686,0.9999024973248892,0.999976934851049,0.9999947351290438,0.999998842885504,0.9999997557202732,0.9999999505951114,0.9999999904558738,0.9999999982447584,0.9999999996938532,0.9999999999495758,0.9999999999921962,0.9999999999988718,0.9999999999998488,0.9999999999999812,0.999999999999998,0.9999999999999998,1.0,1.0,1.0,1.0,1.0,1.0,1.0,1.0,1.0,1.0,1.0,1.0,1.0,1.0,1.0,1.0,1.0,1.0,1.0,1.0,1.0,1.0,1.0,1.0,1.0,1.0,1.0,1.0,1.0,1.0,1.0,1.0,1.0,1.0,1.0,1.0,1.0,1.0,1.0,1.0,1.0,1.0,1.0,1.0,1.0,1.0,1.0,1.0,1.0,1.0,1.0,1.0,1.0,1.0,1.0,1.0,1.0,1.0,1.0,1.0,1.0,1.0,1.0,1.0,1.0,1.0,1.0,1.0,1.0,1.0,1.0,1.0,1.0,1.0,1.0,1.0,1.0,1.0,deepseek-coder-7b-instruct-v1.5,1.588235294117647,1.5450181529047935,-0.0351268767505879,0.4962420430722992,0.619844820749792
ABC406,CoT,100,75,1.0,2.0,4.479308665089299,75,25,0,0,0,0,0,0.75,0.9393939393939394,0.9857761286332716,0.9967739673188863,0.9992943053510064,0.999851432705475,0.9999699704404684,0.9999941878271874,0.9999989260115456,0.9999998111668652,0.9999999685278108,0.9999999950493186,0.9999999992686494,0.999999999899124,0.9999999999870972,0.999999999998482,0.9999999999998374,0.9999999999999843,0.9999999999999988,1.0,1.0,1.0,1.0,1.0,1.0,1.0,1.0,1.0,1.0,1.0,1.0,1.0,1.0,1.0,1.0,1.0,1.0,1.0,1.0,1.0,1.0,1.0,1.0,1.0,1.0,1.0,1.0,1.0,1.0,1.0,1.0,1.0,1.0,1.0,1.0,1.0,1.0,1.0,1.0,1.0,1.0,1.0,1.0,1.0,1.0,1.0,1.0,1.0,1.0,1.0,1.0,1.0,1.0,1.0,1.0,1.0,1.0,1.0,1.0,1.0,1.0,1.0,1.0,1.0,1.0,1.0,1.0,1.0,1.0,1.0,1.0,1.0,1.0,1.0,1.0,1.0,1.0,1.0,1.0,1.0,deepseek-coder-7b-instruct-v1.5,1.7647058823529411,1.193551538241371,-0.2323276600244304,0.9349211135889776,1.057083473088512
ABC407,CoT,100,30,2.0,7.0,3.839624668483872,30,70,0,0,0,0,0,0.3,0.5121212121212122,0.6614718614718615,0.7661712857589147,0.8392427589592538,0.8900082034984368,0.9251119683393612,0.9492693979073092,0.9658119855462302,0.9770827595419784,0.9847218396946524,0.9898717813706122,0.9933245831760852,0.9956264510464008,0.9971521076581212,0.9981572461317256,0.998815372513252,0.99924355112292,0.9995203007120956,0.9996979671150232,0.9998112294468896,0.999882914467058,0.9999279473643434,0.999956019819794,0.9999733804172436,0.9999840282503464,0.9999905032839896,0.999994406043994,0.9999967368589964,0.9999981156509696,0.9999989232291256,0.9999993913903752,0.9999996598946216,0.9999998121806118,0.9999998975530612,0.9999999448362636,0.999999970694265,0.9999999846493768,0.9999999920770978,0.9999999959736072,0.9999999979868036,0.9999999990104628,0.9999999995222923,0.9999999997737176,0.9999999998949404,0.9999999999522456,0.9999999999787758,0.9999999999907896,0.9999999999961032,0.9999999999983956,0.9999999999993582,0.9999999999997512,0.9999999999999066,0.9999999999999662,0.9999999999999882,0.999999999999996,0.9999999999999988,0.9999999999999996,1.0,1.0,1.0,1.0,1.0,1.0,1.0,1.0,1.0,1.0,1.0,1.0,1.0,1.0,1.0,1.0,1.0,1.0,1.0,1.0,1.0,1.0,1.0,1.0,1.0,1.0,1.0,1.0,1.0,1.0,1.0,1.0,1.0,1.0,1.0,1.0,1.0,1.0,1.0,1.0,1.0,1.0,deepseek-coder-7b-instruct-v1.5,1.6470588235294117,0.2059556686617581,-0.1565007891118795,0.8741288522705921,1.1506744602395256
ABC408,CoT,100,20,4.0,10.0,3.49618498755539,20,80,0,0,0,0,0,0.1999999999999999,0.3616161616161615,0.4918985776128632,0.5966617574864997,0.6806905580101457,0.7479135984290624,0.8015490030186235,0.8442266367780593,0.8780904113915247,0.9048837275692116,0.9260206769982756,0.9426452439649552,0.955680415791102,0.965868825954067,0.9738063082903304,0.9799695298690764,0.984738689424058,0.9884161136592248,0.9912414517911212,0.9934040562871408,0.9950530422153556,0.9963054365912148,0.9972527605421854,0.9979663292325268,0.998501505750283,0.9989011042168742,0.9991981030771784,0.9994178008642528,0.9995795228464048,0.9996979671150232,0.9997842622250166,0.9998467949134175,0.9998918552330006,0.9999241372530004,0.9999471259642124,0.9999633948983008,0.999974833992582,0.999982823201286,0.999988364104097,0.999992179151934,0.9999947861012892,0.999996553524581,0.9999977419643808,0.9999985342575805,0.999999057737016,0.9999994003781012,0.9999996224602858,0.9999997649281024,0.9999998553403708,0.9999999120696372,0.9999999472417824,0.9999999687757488,0.9999999817858534,0.999999989536554,0.9999999940858784,0.9999999967143768,0.999999998207842,0.9999999990414038,0.9999999994978782,0.9999999997428156,0.999999999871408,0.9999999999373526,0.9999999999703248,0.9999999999863656,0.9999999999939402,0.999999999997403,0.9999999999989306,0.9999999999995788,0.999999999999842,0.999999999999944,0.9999999999999812,0.9999999999999942,0.9999999999999984,0.9999999999999996,1.0,1.0,1.0,1.0,1.0,1.0,1.0,1.0,1.0,1.0,1.0,1.0,1.0,1.0,1.0,1.0,1.0,1.0,1.0,1.0,1.0,1.0,1.0,1.0,1.0,1.0,deepseek-coder-7b-instruct-v1.5,1.5294117647058822,1.153294002308639,-0.6343024290950375,3.260405180881337,3.4607435840255394
ABC409,CoT,100,82,1.0,2.0,4.523834116986108,82,18,0,0,0,0,0,0.8200000000000001,0.9690909090909092,0.9949536178107606,0.9992196316202208,0.9998861962779488,0.9999844268590876,0.999998011939458,0.9999997648530542,0.9999999744405492,0.9999999974721424,0.9999999997753016,0.9999999999823272,0.9999999999987952,0.9999999999999308,0.9999999999999968,1.0,1.0,1.0,1.0,1.0,1.0,1.0,1.0,1.0,1.0,1.0,1.0,1.0,1.0,1.0,1.0,1.0,1.0,1.0,1.0,1.0,1.0,1.0,1.0,1.0,1.0,1.0,1.0,1.0,1.0,1.0,1.0,1.0,1.0,1.0,1.0,1.0,1.0,1.0,1.0,1.0,1.0,1.0,1.0,1.0,1.0,1.0,1.0,1.0,1.0,1.0,1.0,1.0,1.0,1.0,1.0,1.0,1.0,1.0,1.0,1.0,1.0,1.0,1.0,1.0,1.0,1.0,1.0,1.0,1.0,1.0,1.0,1.0,1.0,1.0,1.0,1.0,1.0,1.0,1.0,1.0,1.0,1.0,1.0,1.0,deepseek-coder-7b-instruct-v1.5,1.411764705882353,0.5065184158672487,-0.7395757133680949,1.9503343504283064,1.86803279834065
ABC410,CoT,100,59,1.0,3.0,4.339685753496723,59,41,0,0,0,0,0,0.5900000000000001,0.8343434343434344,0.9340754483611626,0.9741738869868471,0.990046185609514,0.9962280282309738,0.9985955424264265,0.9994865423924568,0.9998158249885988,0.999935235160826,0.9999776921109512,0.9999924804868374,0.9999975219786168,0.9999992024758768,0.9999997496145194,0.9999999234115,0.9999999772058036,0.9999999934089072,0.9999999981512788,0.9999999994978782,0.999999999868193,0.9999999999666312,0.9999999999918716,0.9999999999981,0.999999999999575,0.9999999999999092,0.9999999999999816,0.9999999999999964,0.9999999999999992,1.0,1.0,1.0,1.0,1.0,1.0,1.0,1.0,1.0,1.0,1.0,1.0,1.0,1.0,1.0,1.0,1.0,1.0,1.0,1.0,1.0,1.0,1.0,1.0,1.0,1.0,1.0,1.0,1.0,1.0,1.0,1.0,1.0,1.0,1.0,1.0,1.0,1.0,1.0,1.0,1.0,1.0,1.0,1.0,1.0,1.0,1.0,1.0,1.0,1.0,1.0,1.0,1.0,1.0,1.0,1.0,1.0,1.0,1.0,1.0,1.0,1.0,1.0,1.0,1.0,1.0,1.0,1.0,1.0,1.0,1.0,deepseek-coder-7b-instruct-v1.5,0.3529411764705882,0.5565289006955033,-0.7854251143980574,-1.0957613025984043,-1.0470435707134196
ABC411,CoT,100,100,1.0,1.0,4.605170185988092,100,0,0,0,0,0,0,1.0,1.0,1.0,1.0,1.0,1.0,1.0,1.0,1.0,1.0,1.0,1.0,1.0,1.0,1.0,1.0,1.0,1.0,1.0,1.0,1.0,1.0,1.0,1.0,1.0,1.0,1.0,1.0,1.0,1.0,1.0,1.0,1.0,1.0,1.0,1.0,1.0,1.0,1.0,1.0,1.0,1.0,1.0,1.0,1.0,1.0,1.0,1.0,1.0,1.0,1.0,1.0,1.0,1.0,1.0,1.0,1.0,1.0,1.0,1.0,1.0,1.0,1.0,1.0,1.0,1.0,1.0,1.0,1.0,1.0,1.0,1.0,1.0,1.0,1.0,1.0,1.0,1.0,1.0,1.0,1.0,1.0,1.0,1.0,1.0,1.0,1.0,1.0,1.0,1.0,1.0,1.0,1.0,1.0,1.0,1.0,1.0,1.0,1.0,1.0,deepseek-coder-7b-instruct-v1.5,0.1176470588235294,-1.6820704593296076,-0.7824049775470692,-0.7665299110785113,-0.6817022222140068
ABC412,CoT,100,100,1.0,1.0,4.605170185988092,100,0,0,0,0,0,0,1.0,1.0,1.0,1.0,1.0,1.0,1.0,1.0,1.0,1.0,1.0,1.0,1.0,1.0,1.0,1.0,1.0,1.0,1.0,1.0,1.0,1.0,1.0,1.0,1.0,1.0,1.0,1.0,1.0,1.0,1.0,1.0,1.0,1.0,1.0,1.0,1.0,1.0,1.0,1.0,1.0,1.0,1.0,1.0,1.0,1.0,1.0,1.0,1.0,1.0,1.0,1.0,1.0,1.0,1.0,1.0,1.0,1.0,1.0,1.0,1.0,1.0,1.0,1.0,1.0,1.0,1.0,1.0,1.0,1.0,1.0,1.0,1.0,1.0,1.0,1.0,1.0,1.0,1.0,1.0,1.0,1.0,1.0,1.0,1.0,1.0,1.0,1.0,1.0,1.0,1.0,1.0,1.0,1.0,1.0,1.0,1.0,1.0,1.0,1.0,deepseek-coder-7b-instruct-v1.5,0.3529411764705882,0.0532051987255584,-0.5617273146289044,-1.0435524668018674,-0.9564477909741926
ABC413,CoT,100,100,1.0,1.0,4.605170185988092,100,0,0,0,0,0,0,1.0,1.0,1.0,1.0,1.0,1.0,1.0,1.0,1.0,1.0,1.0,1.0,1.0,1.0,1.0,1.0,1.0,1.0,1.0,1.0,1.0,1.0,1.0,1.0,1.0,1.0,1.0,1.0,1.0,1.0,1.0,1.0,1.0,1.0,1.0,1.0,1.0,1.0,1.0,1.0,1.0,1.0,1.0,1.0,1.0,1.0,1.0,1.0,1.0,1.0,1.0,1.0,1.0,1.0,1.0,1.0,1.0,1.0,1.0,1.0,1.0,1.0,1.0,1.0,1.0,1.0,1.0,1.0,1.0,1.0,1.0,1.0,1.0,1.0,1.0,1.0,1.0,1.0,1.0,1.0,1.0,1.0,1.0,1.0,1.0,1.0,1.0,1.0,1.0,1.0,1.0,1.0,1.0,1.0,1.0,1.0,1.0,1.0,1.0,1.0,deepseek-coder-7b-instruct-v1.5,0.9411764705882352,0.4038878994230736,-0.0518637678201574,-0.4071424847182188,-0.3836975736758725
ABC414,CoT,100,0,,,0.0,0,100,0,0,0,0,0,0.0,0.0,0.0,0.0,0.0,0.0,0.0,0.0,0.0,0.0,0.0,0.0,0.0,0.0,0.0,0.0,0.0,0.0,0.0,0.0,0.0,0.0,0.0,0.0,0.0,0.0,0.0,0.0,0.0,0.0,0.0,0.0,0.0,0.0,0.0,0.0,0.0,0.0,0.0,0.0,0.0,0.0,0.0,0.0,0.0,0.0,0.0,0.0,0.0,0.0,0.0,0.0,0.0,0.0,0.0,0.0,0.0,0.0,0.0,0.0,0.0,0.0,0.0,0.0,0.0,0.0,0.0,0.0,0.0,0.0,0.0,0.0,0.0,0.0,0.0,0.0,0.0,0.0,0.0,0.0,0.0,0.0,0.0,0.0,0.0,0.0,0.0,0.0,0.0,0.0,0.0,0.0,0.0,0.0,0.0,0.0,0.0,0.0,0.0,0.0,deepseek-coder-7b-instruct-v1.5,0.8235294117647058,0.7173773719414367,0.98678405612091,-1.1311274167066123,-1.0173256897676677
ABC415,CoT,100,100,1.0,1.0,4.605170185988092,100,0,0,0,0,0,0,1.0,1.0,1.0,1.0,1.0,1.0,1.0,1.0,1.0,1.0,1.0,1.0,1.0,1.0,1.0,1.0,1.0,1.0,1.0,1.0,1.0,1.0,1.0,1.0,1.0,1.0,1.0,1.0,1.0,1.0,1.0,1.0,1.0,1.0,1.0,1.0,1.0,1.0,1.0,1.0,1.0,1.0,1.0,1.0,1.0,1.0,1.0,1.0,1.0,1.0,1.0,1.0,1.0,1.0,1.0,1.0,1.0,1.0,1.0,1.0,1.0,1.0,1.0,1.0,1.0,1.0,1.0,1.0,1.0,1.0,1.0,1.0,1.0,1.0,1.0,1.0,1.0,1.0,1.0,1.0,1.0,1.0,1.0,1.0,1.0,1.0,1.0,1.0,1.0,1.0,1.0,1.0,1.0,1.0,1.0,1.0,1.0,1.0,1.0,1.0,deepseek-coder-7b-instruct-v1.5,0.9411764705882352,0.1114146152782703,0.7441222765400832,-0.5061580003884498,-0.6591333959959762
ABC416,CoT,100,99,1.0,1.0,4.601704450085292,99,0,0,1,0,0,0,0.99,1.0,1.0,1.0,1.0,1.0,1.0,1.0,1.0,1.0,1.0,1.0,1.0,1.0,1.0,1.0,1.0,1.0,1.0,1.0,1.0,1.0,1.0,1.0,1.0,1.0,1.0,1.0,1.0,1.0,1.0,1.0,1.0,1.0,1.0,1.0,1.0,1.0,1.0,1.0,1.0,1.0,1.0,1.0,1.0,1.0,1.0,1.0,1.0,1.0,1.0,1.0,1.0,1.0,1.0,1.0,1.0,1.0,1.0,1.0,1.0,1.0,1.0,1.0,1.0,1.0,1.0,1.0,1.0,1.0,1.0,1.0,1.0,1.0,1.0,1.0,1.0,1.0,1.0,1.0,1.0,1.0,1.0,1.0,1.0,1.0,1.0,1.0,1.0,1.0,1.0,1.0,1.0,1.0,1.0,1.0,1.0,1.0,1.0,1.0,deepseek-coder-7b-instruct-v1.5,1.6470588235294117,-0.3223679484641272,2.714054009170995,0.7575503274556538,0.6191545671898739
ABC417,CoT,100,72,1.0,2.0,4.457496363748777,72,28,0,0,0,0,0,0.72,0.9236363636363636,0.9797402597402596,0.9947784174588298,0.9986946043647076,0.9996839568461924,0.9999260324533642,0.9999832976507596,0.999996369054513,0.9999992418905028,0.9999998483781004,0.9999999710385136,0.9999999947342753,0.9999999990921165,0.999999999852205,0.999999999977396,0.9999999999967708,0.999999999999572,0.9999999999999478,0.9999999999999942,0.9999999999999994,1.0,1.0,1.0,1.0,1.0,1.0,1.0,1.0,1.0,1.0,1.0,1.0,1.0,1.0,1.0,1.0,1.0,1.0,1.0,1.0,1.0,1.0,1.0,1.0,1.0,1.0,1.0,1.0,1.0,1.0,1.0,1.0,1.0,1.0,1.0,1.0,1.0,1.0,1.0,1.0,1.0,1.0,1.0,1.0,1.0,1.0,1.0,1.0,1.0,1.0,1.0,1.0,1.0,1.0,1.0,1.0,1.0,1.0,1.0,1.0,1.0,1.0,1.0,1.0,1.0,1.0,1.0,1.0,1.0,1.0,1.0,1.0,1.0,1.0,1.0,1.0,1.0,1.0,1.0,deepseek-coder-7b-instruct-v1.5,1.1764705882352942,-2.307309396526112,2.7126202929318604,0.2464823675728879,0.2796360974052475
ABC418,CoT,100,91,1.0,1.0,4.569795012249748,91,9,0,0,0,0,0,0.91,0.9927272727272728,0.9994805194805196,0.999967867184362,0.9999983264158522,0.9999999295332992,0.9999999977510629,0.9999999999516358,0.9999999999994744,1.0,1.0,1.0,1.0,1.0,1.0,1.0,1.0,1.0,1.0,1.0,1.0,1.0,1.0,1.0,1.0,1.0,1.0,1.0,1.0,1.0,1.0,1.0,1.0,1.0,1.0,1.0,1.0,1.0,1.0,1.0,1.0,1.0,1.0,1.0,1.0,1.0,1.0,1.0,1.0,1.0,1.0,1.0,1.0,1.0,1.0,1.0,1.0,1.0,1.0,1.0,1.0,1.0,1.0,1.0,1.0,1.0,1.0,1.0,1.0,1.0,1.0,1.0,1.0,1.0,1.0,1.0,1.0,1.0,1.0,1.0,1.0,1.0,1.0,1.0,1.0,1.0,1.0,1.0,1.0,1.0,1.0,1.0,1.0,1.0,1.0,1.0,1.0,1.0,1.0,1.0,deepseek-coder-7b-instruct-v1.5,1.3529411764705883,-1.6820704593296076,2.18229409666996,0.9220399729107336,0.2628358187951024
ABC419,CoT,100,100,1.0,1.0,4.605170185988092,100,0,0,0,0,0,0,1.0,1.0,1.0,1.0,1.0,1.0,1.0,1.0,1.0,1.0,1.0,1.0,1.0,1.0,1.0,1.0,1.0,1.0,1.0,1.0,1.0,1.0,1.0,1.0,1.0,1.0,1.0,1.0,1.0,1.0,1.0,1.0,1.0,1.0,1.0,1.0,1.0,1.0,1.0,1.0,1.0,1.0,1.0,1.0,1.0,1.0,1.0,1.0,1.0,1.0,1.0,1.0,1.0,1.0,1.0,1.0,1.0,1.0,1.0,1.0,1.0,1.0,1.0,1.0,1.0,1.0,1.0,1.0,1.0,1.0,1.0,1.0,1.0,1.0,1.0,1.0,1.0,1.0,1.0,1.0,1.0,1.0,1.0,1.0,1.0,1.0,1.0,1.0,1.0,1.0,1.0,1.0,1.0,1.0,1.0,1.0,1.0,1.0,1.0,1.0,deepseek-coder-7b-instruct-v1.5,1.5294117647058822,0.7016803417743909,1.3463372953719417,0.3182470078101129,0.3118561475057018
ABC420,CoT,100,73,1.0,2.0,4.464963215716467,73,26,0,1,0,0,0,0.73,0.9290909090909092,0.9819109461966604,0.995524357821854,0.9989277107281526,0.9997516803791512,0.9999445243400232,0.9999880697505426,0.9999975361441338,0.9999995126438946,0.9999999079438469,0.9999999834505792,0.999999997179076,0.9999999995460582,0.9999999999313808,0.9999999999903126,0.9999999999987316,0.9999999999998472,0.9999999999999832,0.9999999999999984,1.0,1.0,1.0,1.0,1.0,1.0,1.0,1.0,1.0,1.0,1.0,1.0,1.0,1.0,1.0,1.0,1.0,1.0,1.0,1.0,1.0,1.0,1.0,1.0,1.0,1.0,1.0,1.0,1.0,1.0,1.0,1.0,1.0,1.0,1.0,1.0,1.0,1.0,1.0,1.0,1.0,1.0,1.0,1.0,1.0,1.0,1.0,1.0,1.0,1.0,1.0,1.0,1.0,1.0,1.0,1.0,1.0,1.0,1.0,1.0,1.0,1.0,1.0,1.0,1.0,1.0,1.0,1.0,1.0,1.0,1.0,1.0,1.0,1.0,1.0,1.0,1.0,1.0,1.0,1.0,deepseek-coder-7b-instruct-v1.5,1.5294117647058822,1.2463901431980775,0.1827399303432538,0.0447178462501954,0.1881528488032692
ABC421,CoT,100,69,1.0,2.0,4.433855285936973,69,0,0,31,0,0,0,0.69,0.906060606060606,0.9722016079158936,0.9919757218726292,0.9977431717766768,0.9993823417494064,0.999835729188672,0.9999576075325604,0.99998940188314,0.999997437817902,0.9999994021575104,0.9999998656533732,0.999999970993342,0.9999999939986224,0.9999999988136812,0.999999999776693,0.9999999999601238,0.999999999993274,0.9999999999989336,0.999999999999842,0.9999999999999782,0.9999999999999972,0.9999999999999996,1.0,1.0,1.0,1.0,1.0,1.0,1.0,1.0,1.0,1.0,1.0,1.0,1.0,1.0,1.0,1.0,1.0,1.0,1.0,1.0,1.0,1.0,1.0,1.0,1.0,1.0,1.0,1.0,1.0,1.0,1.0,1.0,1.0,1.0,1.0,1.0,1.0,1.0,1.0,1.0,1.0,1.0,1.0,1.0,1.0,1.0,1.0,1.0,1.0,1.0,1.0,1.0,1.0,1.0,1.0,1.0,1.0,1.0,1.0,1.0,1.0,1.0,1.0,1.0,1.0,1.0,1.0,1.0,1.0,1.0,1.0,1.0,1.0,1.0,1.0,1.0,1.0,deepseek-coder-7b-instruct-v1.5,0.9411764705882352,0.0137528376121723,0.2956465382130743,-0.1926888993723169,-0.6276898811504297
ABC392,baseline,100,81,1.0,2.0,4.517980186170205,81,19,0,0,0,0,0,0.81,0.9654545454545456,0.9940074211502784,0.9990115333856128,0.999845552091502,0.9999772392555898,0.9999968522374753,0.9999995938370936,0.9999999514370438,0.9999999946634114,0.9999999994663412,0.9999999999520308,0.9999999999961844,0.9999999999997368,0.9999999999999848,0.9999999999999992,1.0,1.0,1.0,1.0,1.0,1.0,1.0,1.0,1.0,1.0,1.0,1.0,1.0,1.0,1.0,1.0,1.0,1.0,1.0,1.0,1.0,1.0,1.0,1.0,1.0,1.0,1.0,1.0,1.0,1.0,1.0,1.0,1.0,1.0,1.0,1.0,1.0,1.0,1.0,1.0,1.0,1.0,1.0,1.0,1.0,1.0,1.0,1.0,1.0,1.0,1.0,1.0,1.0,1.0,1.0,1.0,1.0,1.0,1.0,1.0,1.0,1.0,1.0,1.0,1.0,1.0,1.0,1.0,1.0,1.0,1.0,1.0,1.0,1.0,1.0,1.0,1.0,1.0,1.0,1.0,1.0,1.0,1.0,1.0,deepseek-coder-7b-instruct-v1.5,1.0,0.794637198494669,-1.1099218058382023,-0.5431687708553892,-0.3188383909564422
ABC393,baseline,100,1,50.0,90.0,0.9908022813623976,1,99,0,0,0,0,0,0.01,0.02,0.03,0.04,0.05,0.06,0.07,0.08,0.09,0.1,0.1100000000000001,0.1200000000000001,0.1300000000000001,0.1400000000000001,0.1500000000000001,0.1600000000000001,0.1700000000000001,0.1800000000000001,0.1900000000000001,0.2000000000000001,0.2100000000000002,0.2200000000000002,0.2300000000000002,0.2400000000000002,0.2500000000000002,0.2600000000000002,0.2700000000000002,0.2800000000000002,0.2900000000000002,0.3000000000000002,0.3100000000000003,0.3200000000000003,0.3300000000000003,0.3400000000000003,0.3500000000000003,0.3600000000000003,0.3700000000000003,0.3800000000000003,0.3900000000000003,0.4000000000000003,0.4100000000000003,0.4200000000000004,0.4300000000000004,0.4400000000000004,0.4500000000000004,0.4600000000000004,0.4700000000000004,0.4800000000000004,0.4900000000000004,0.5000000000000004,0.5100000000000005,0.5200000000000005,0.5300000000000005,0.5400000000000005,0.5500000000000005,0.5600000000000005,0.5700000000000005,0.5800000000000005,0.5900000000000005,0.6000000000000005,0.6100000000000005,0.6200000000000006,0.6300000000000004,0.6400000000000003,0.6500000000000004,0.6600000000000004,0.6700000000000004,0.6800000000000004,0.6900000000000004,0.7000000000000004,0.7100000000000004,0.7200000000000003,0.7300000000000003,0.7400000000000003,0.7500000000000003,0.7600000000000003,0.7700000000000002,0.7800000000000002,0.7900000000000003,0.8000000000000003,0.8100000000000003,0.8200000000000003,0.8300000000000003,0.8400000000000003,0.8500000000000002,0.8600000000000002,0.8700000000000002,0.8800000000000001,0.8900000000000001,0.9000000000000001,0.91,0.9200000000000002,0.9300000000000002,0.94,0.95,0.96,0.97,0.98,0.99,1.0,deepseek-coder-7b-instruct-v1.5,0.8235294117647058,1.36193605744027,-0.7344672051885421,-0.5534928910634889,-0.5928937061567103
ABC394,baseline,100,90,1.0,1.0,4.565247549387755,90,10,0,0,0,0,0,0.9,0.990909090909091,0.9992578849721708,0.99994644530727,0.9999966528317044,0.9999998238332476,0.9999999925035424,0.9999999997581788,0.999999999994743,0.9999999999999424,1.0,1.0,1.0,1.0,1.0,1.0,1.0,1.0,1.0,1.0,1.0,1.0,1.0,1.0,1.0,1.0,1.0,1.0,1.0,1.0,1.0,1.0,1.0,1.0,1.0,1.0,1.0,1.0,1.0,1.0,1.0,1.0,1.0,1.0,1.0,1.0,1.0,1.0,1.0,1.0,1.0,1.0,1.0,1.0,1.0,1.0,1.0,1.0,1.0,1.0,1.0,1.0,1.0,1.0,1.0,1.0,1.0,1.0,1.0,1.0,1.0,1.0,1.0,1.0,1.0,1.0,1.0,1.0,1.0,1.0,1.0,1.0,1.0,1.0,1.0,1.0,1.0,1.0,1.0,1.0,1.0,1.0,1.0,1.0,1.0,1.0,1.0,1.0,1.0,1.0,deepseek-coder-7b-instruct-v1.5,0.3529411764705882,-1.2563043817886357,-0.3879553586104252,-1.0678501636637183,-1.0377128216981006
ABC395,baseline,100,100,1.0,1.0,4.605170185988092,100,0,0,0,0,0,0,1.0,1.0,1.0,1.0,1.0,1.0,1.0,1.0,1.0,1.0,1.0,1.0,1.0,1.0,1.0,1.0,1.0,1.0,1.0,1.0,1.0,1.0,1.0,1.0,1.0,1.0,1.0,1.0,1.0,1.0,1.0,1.0,1.0,1.0,1.0,1.0,1.0,1.0,1.0,1.0,1.0,1.0,1.0,1.0,1.0,1.0,1.0,1.0,1.0,1.0,1.0,1.0,1.0,1.0,1.0,1.0,1.0,1.0,1.0,1.0,1.0,1.0,1.0,1.0,1.0,1.0,1.0,1.0,1.0,1.0,1.0,1.0,1.0,1.0,1.0,1.0,1.0,1.0,1.0,1.0,1.0,1.0,1.0,1.0,1.0,1.0,1.0,1.0,1.0,1.0,1.0,1.0,1.0,1.0,1.0,1.0,1.0,1.0,1.0,1.0,deepseek-coder-7b-instruct-v1.5,1.5294117647058822,0.1305660300150847,-0.4854086704712708,0.7091350055960471,0.5914581430981675
ABC396,baseline,100,99,1.0,1.0,4.601704450085292,99,1,0,0,0,0,0,0.99,1.0,1.0,1.0,1.0,1.0,1.0,1.0,1.0,1.0,1.0,1.0,1.0,1.0,1.0,1.0,1.0,1.0,1.0,1.0,1.0,1.0,1.0,1.0,1.0,1.0,1.0,1.0,1.0,1.0,1.0,1.0,1.0,1.0,1.0,1.0,1.0,1.0,1.0,1.0,1.0,1.0,1.0,1.0,1.0,1.0,1.0,1.0,1.0,1.0,1.0,1.0,1.0,1.0,1.0,1.0,1.0,1.0,1.0,1.0,1.0,1.0,1.0,1.0,1.0,1.0,1.0,1.0,1.0,1.0,1.0,1.0,1.0,1.0,1.0,1.0,1.0,1.0,1.0,1.0,1.0,1.0,1.0,1.0,1.0,1.0,1.0,1.0,1.0,1.0,1.0,1.0,1.0,1.0,1.0,1.0,1.0,1.0,1.0,1.0,deepseek-coder-7b-instruct-v1.5,1.5294117647058822,0.6380459914389404,-0.4852233923094055,0.8455814594161053,0.7882666893697639
ABC397,baseline,100,100,1.0,1.0,4.605170185988092,100,0,0,0,0,0,0,1.0,1.0,1.0,1.0,1.0,1.0,1.0,1.0,1.0,1.0,1.0,1.0,1.0,1.0,1.0,1.0,1.0,1.0,1.0,1.0,1.0,1.0,1.0,1.0,1.0,1.0,1.0,1.0,1.0,1.0,1.0,1.0,1.0,1.0,1.0,1.0,1.0,1.0,1.0,1.0,1.0,1.0,1.0,1.0,1.0,1.0,1.0,1.0,1.0,1.0,1.0,1.0,1.0,1.0,1.0,1.0,1.0,1.0,1.0,1.0,1.0,1.0,1.0,1.0,1.0,1.0,1.0,1.0,1.0,1.0,1.0,1.0,1.0,1.0,1.0,1.0,1.0,1.0,1.0,1.0,1.0,1.0,1.0,1.0,1.0,1.0,1.0,1.0,1.0,1.0,1.0,1.0,1.0,1.0,1.0,1.0,1.0,1.0,1.0,1.0,deepseek-coder-7b-instruct-v1.5,1.0588235294117647,-0.0872427431051071,-0.5569527267011065,0.2216684647006315,0.3497461375626247
ABC398,baseline,100,3,21.0,54.0,1.8153535748862049,3,97,0,0,0,0,0,0.03,0.0593939393939394,0.0881880024737168,0.1163883735312307,0.1440012368583798,0.1710327767470625,0.1974891774891775,0.2233766233766233,0.2487012987012986,0.273469387755102,0.2976870748299319,0.321360544217687,0.3444959802102658,0.367099567099567,0.389177489177489,0.4107359307359306,0.4317810760667903,0.4523191094619665,0.472356215213358,0.4918985776128632,0.5109523809523808,0.5295238095238095,0.5476190476190476,0.5652442795299938,0.5824056895485467,0.5991094619666049,0.6153617810760668,0.6311688311688312,0.6465367965367965,0.6614718614718615,0.6759802102659245,0.6900680272108843,0.7037414965986395,0.7170068027210884,0.7298701298701298,0.7423376623376623,0.7544155844155844,0.7661100803957946,0.7774273345701916,0.7883735312306741,0.7989548546691403,0.8091774891774891,0.819047619047619,0.8285714285714285,0.8377551020408163,0.8466048237476809,0.8551267779839208,0.8633271490414347,0.8712121212121212,0.8787878787878788,0.886060606060606,0.8930364873222016,0.899721706864564,0.9061224489795918,0.9122448979591836,0.918095238095238,0.9236796536796535,0.929004329004329,0.9340754483611626,0.9388991960420532,0.9434817563388992,0.9478293135435992,0.951948051948052,0.9558441558441558,0.9595238095238096,0.9629931972789116,0.9662585034013604,0.9693259121830552,0.9722016079158936,0.9748917748917748,0.9774025974025974,0.9797402597402596,0.9819109461966604,0.983920841063698,0.9857761286332716,0.987482993197279,0.9890476190476192,0.9904761904761904,0.9917748917748918,0.9929499072356216,0.9940074211502784,0.9949536178107606,0.9957946815089672,0.9965367965367964,0.9971861471861472,0.9977489177489176,0.9982312925170068,0.998639455782313,0.9989795918367348,0.9992578849721708,0.9994805194805196,0.9996536796536796,0.9997835497835498,0.9998763141620284,0.9999381570810142,0.9999752628324056,0.9999938157081014,1.0,1.0,1.0,deepseek-coder-7b-instruct-v1.5,0.5882352941176471,-0.8045514370852237,-0.4757746795435722,-0.5962299468086405,-0.3834140766780491
ABC399,baseline,100,100,1.0,1.0,4.605170185988092,100,0,0,0,0,0,0,1.0,1.0,1.0,1.0,1.0,1.0,1.0,1.0,1.0,1.0,1.0,1.0,1.0,1.0,1.0,1.0,1.0,1.0,1.0,1.0,1.0,1.0,1.0,1.0,1.0,1.0,1.0,1.0,1.0,1.0,1.0,1.0,1.0,1.0,1.0,1.0,1.0,1.0,1.0,1.0,1.0,1.0,1.0,1.0,1.0,1.0,1.0,1.0,1.0,1.0,1.0,1.0,1.0,1.0,1.0,1.0,1.0,1.0,1.0,1.0,1.0,1.0,1.0,1.0,1.0,1.0,1.0,1.0,1.0,1.0,1.0,1.0,1.0,1.0,1.0,1.0,1.0,1.0,1.0,1.0,1.0,1.0,1.0,1.0,1.0,1.0,1.0,1.0,1.0,1.0,1.0,1.0,1.0,1.0,1.0,1.0,1.0,1.0,1.0,1.0,deepseek-coder-7b-instruct-v1.5,0.3529411764705882,-0.7526398731784819,-0.3480303529009059,-1.039410813927689,-0.9701789064339884
ABC400,baseline,100,80,1.0,2.0,4.511964018141256,80,20,0,0,0,0,0,0.8,0.9616161616161616,0.9929499072356216,0.998764416732016,0.999794069455336,0.9999674846508424,0.9999951572884234,0.9999993230618226,0.999999911703716,0.9999999893268228,0.9999999988140914,0.9999999998800768,0.9999999999890978,0.9999999999991228,0.9999999999999388,0.9999999999999964,0.9999999999999998,1.0,1.0,1.0,1.0,1.0,1.0,1.0,1.0,1.0,1.0,1.0,1.0,1.0,1.0,1.0,1.0,1.0,1.0,1.0,1.0,1.0,1.0,1.0,1.0,1.0,1.0,1.0,1.0,1.0,1.0,1.0,1.0,1.0,1.0,1.0,1.0,1.0,1.0,1.0,1.0,1.0,1.0,1.0,1.0,1.0,1.0,1.0,1.0,1.0,1.0,1.0,1.0,1.0,1.0,1.0,1.0,1.0,1.0,1.0,1.0,1.0,1.0,1.0,1.0,1.0,1.0,1.0,1.0,1.0,1.0,1.0,1.0,1.0,1.0,1.0,1.0,1.0,1.0,1.0,1.0,1.0,1.0,1.0,deepseek-coder-7b-instruct-v1.5,0.7647058823529411,0.6219212471892703,-0.3308256141650119,-0.7412838357324284,-0.6131206006535906
ABC401,baseline,100,100,1.0,1.0,4.605170185988092,100,0,0,0,0,0,0,1.0,1.0,1.0,1.0,1.0,1.0,1.0,1.0,1.0,1.0,1.0,1.0,1.0,1.0,1.0,1.0,1.0,1.0,1.0,1.0,1.0,1.0,1.0,1.0,1.0,1.0,1.0,1.0,1.0,1.0,1.0,1.0,1.0,1.0,1.0,1.0,1.0,1.0,1.0,1.0,1.0,1.0,1.0,1.0,1.0,1.0,1.0,1.0,1.0,1.0,1.0,1.0,1.0,1.0,1.0,1.0,1.0,1.0,1.0,1.0,1.0,1.0,1.0,1.0,1.0,1.0,1.0,1.0,1.0,1.0,1.0,1.0,1.0,1.0,1.0,1.0,1.0,1.0,1.0,1.0,1.0,1.0,1.0,1.0,1.0,1.0,1.0,1.0,1.0,1.0,1.0,1.0,1.0,1.0,1.0,1.0,1.0,1.0,1.0,1.0,deepseek-coder-7b-instruct-v1.5,0.6470588235294118,-0.4823465436940855,-0.623540230219966,-0.1053300357044863,-0.3211063669390298
ABC402,baseline,100,100,1.0,1.0,4.605170185988092,100,0,0,0,0,0,0,1.0,1.0,1.0,1.0,1.0,1.0,1.0,1.0,1.0,1.0,1.0,1.0,1.0,1.0,1.0,1.0,1.0,1.0,1.0,1.0,1.0,1.0,1.0,1.0,1.0,1.0,1.0,1.0,1.0,1.0,1.0,1.0,1.0,1.0,1.0,1.0,1.0,1.0,1.0,1.0,1.0,1.0,1.0,1.0,1.0,1.0,1.0,1.0,1.0,1.0,1.0,1.0,1.0,1.0,1.0,1.0,1.0,1.0,1.0,1.0,1.0,1.0,1.0,1.0,1.0,1.0,1.0,1.0,1.0,1.0,1.0,1.0,1.0,1.0,1.0,1.0,1.0,1.0,1.0,1.0,1.0,1.0,1.0,1.0,1.0,1.0,1.0,1.0,1.0,1.0,1.0,1.0,1.0,1.0,1.0,1.0,1.0,1.0,1.0,1.0,deepseek-coder-7b-instruct-v1.5,0.1176470588235294,-1.9782057281584533,-0.6473392922921283,-1.3777658465617155,-1.2961881279745069
ABC403,baseline,100,5,13.0,37.0,2.2562545307557422,5,95,0,0,0,0,0,0.05,0.097979797979798,0.1440012368583797,0.1881248844429993,0.2304100467115931,0.2709147810951935,0.3096959097603428,0.3468090328915071,0.3823085419734904,0.416247633073848,0.4486783201253009,0.4796514482081492,0.5092167068326862,0.5374226432216123,0.5643166755924487,0.5899451064399518,0.6143531358185261,0.637584874624639,0.6596833578792342,0.6806905580101457,0.7006473981345116,0.719593765341188,0.7375685239731631,0.7546095289099708,0.7707536388501042,0.7860367295934306,0.8004937073236043,0.8141585218904807,0.8270641800925306,0.8392427589592537,0.8507254190335928,0.8615424176543469,0.8717231222385862,0.8812960235640648,0.8902887490516356,0.8987280760476637,0.90663994510644,0.9140494732725954,0.9209809673635152,0.9274579372517516,0.9335031091474392,0.9391384388807068,0.9443851251840942,0.9492636229749633,0.9537936566379128,0.9579942333071936,0.96188365614912,0.965479537644486,0.9687988128709778,0.9718577527855878,0.974671977507029,0.9772564695981484,0.9796255873483414,0.9817930780559646,0.983772091310751,0.9855751922762233,0.987214374972107,0.9887010755567456,0.990046185609514,0.991260065413232,0.992352557236578,0.9933329986165038,0.994210235640648,0.9949926362297496,0.9956881034200622,0.9963040886457676,0.99684760502139,0.9973252406242096,0.9977431717766768,0.9981071763288258,0.9984226469406882,0.9986946043647076,0.9989277107281526,0.9991262828155316,0.9992943053510064,0.9994354442808052,0.9995530600556374,0.9996502209131076,0.9997297161601284,0.999794069455336,0.999845552091502,0.9998861962779488,0.9999178084229632,0.9999419824162092,0.9999601129111438,0.9999734086074292,0.9999829055333472,0.9999894803282138,0.9999938635247914,0.9999966528317044,0.9999983264158522,0.9999992561848232,0.9999997210693088,0.9999999203055168,0.9999999867175862,1.0,1.0,1.0,1.0,1.0,deepseek-coder-7b-instruct-v1.5,0.5294117647058824,-0.2782046920870102,-0.4359520780521747,-0.7012238483668171,-0.8113836097835858
ABC404,baseline,100,0,,,0.0,0,100,0,0,0,0,0,0.0,0.0,0.0,0.0,0.0,0.0,0.0,0.0,0.0,0.0,0.0,0.0,0.0,0.0,0.0,0.0,0.0,0.0,0.0,0.0,0.0,0.0,0.0,0.0,0.0,0.0,0.0,0.0,0.0,0.0,0.0,0.0,0.0,0.0,0.0,0.0,0.0,0.0,0.0,0.0,0.0,0.0,0.0,0.0,0.0,0.0,0.0,0.0,0.0,0.0,0.0,0.0,0.0,0.0,0.0,0.0,0.0,0.0,0.0,0.0,0.0,0.0,0.0,0.0,0.0,0.0,0.0,0.0,0.0,0.0,0.0,0.0,0.0,0.0,0.0,0.0,0.0,0.0,0.0,0.0,0.0,0.0,0.0,0.0,0.0,0.0,0.0,0.0,0.0,0.0,0.0,0.0,0.0,0.0,0.0,0.0,0.0,0.0,0.0,0.0,deepseek-coder-7b-instruct-v1.5,1.0588235294117647,-0.3223679484641272,-0.5639524463251423,0.2872626423948777,0.1703911455918096
ABC405,baseline,100,83,1.0,2.0,4.529529549821116,83,17,0,0,0,0,0,0.83,0.9725252525252526,0.9957946815089672,0.9993930468157272,0.9999178084229632,0.9999896179060584,0.9999987850741132,0.9999998693628078,0.9999999872202748,0.9999999988765076,0.9999999999126172,0.999999999994109,0.9999999999996652,0.9999999999999846,0.9999999999999994,1.0,1.0,1.0,1.0,1.0,1.0,1.0,1.0,1.0,1.0,1.0,1.0,1.0,1.0,1.0,1.0,1.0,1.0,1.0,1.0,1.0,1.0,1.0,1.0,1.0,1.0,1.0,1.0,1.0,1.0,1.0,1.0,1.0,1.0,1.0,1.0,1.0,1.0,1.0,1.0,1.0,1.0,1.0,1.0,1.0,1.0,1.0,1.0,1.0,1.0,1.0,1.0,1.0,1.0,1.0,1.0,1.0,1.0,1.0,1.0,1.0,1.0,1.0,1.0,1.0,1.0,1.0,1.0,1.0,1.0,1.0,1.0,1.0,1.0,1.0,1.0,1.0,1.0,1.0,1.0,1.0,1.0,1.0,1.0,1.0,deepseek-coder-7b-instruct-v1.5,1.588235294117647,1.5450181529047935,-0.0351268767505879,0.4962420430722992,0.619844820749792
ABC406,baseline,100,79,1.0,2.0,4.505781735393128,79,21,0,0,0,0,0,0.79,0.9575757575757576,0.9917748917748918,0.9984736912571964,0.9997297161601284,0.9999544785111796,0.999992735932635,0.9999989064844826,0.999999845481503,0.9999999796239344,0.999999997509592,0.9999999997201788,0.999999999971382,0.9999999999973684,0.9999999999997858,0.9999999999999848,0.9999999999999992,1.0,1.0,1.0,1.0,1.0,1.0,1.0,1.0,1.0,1.0,1.0,1.0,1.0,1.0,1.0,1.0,1.0,1.0,1.0,1.0,1.0,1.0,1.0,1.0,1.0,1.0,1.0,1.0,1.0,1.0,1.0,1.0,1.0,1.0,1.0,1.0,1.0,1.0,1.0,1.0,1.0,1.0,1.0,1.0,1.0,1.0,1.0,1.0,1.0,1.0,1.0,1.0,1.0,1.0,1.0,1.0,1.0,1.0,1.0,1.0,1.0,1.0,1.0,1.0,1.0,1.0,1.0,1.0,1.0,1.0,1.0,1.0,1.0,1.0,1.0,1.0,1.0,1.0,1.0,1.0,1.0,1.0,1.0,deepseek-coder-7b-instruct-v1.5,1.7647058823529411,1.193551538241371,-0.2323276600244304,0.9349211135889776,1.057083473088512
ABC407,baseline,100,15,5.0,14.0,3.242480391765109,15,84,1,0,0,0,0,0.15,0.2787878787878788,0.3891774891774892,0.4836345784799393,0.5643166755924488,0.6331087794462726,0.6916552508112291,0.7413882748739341,0.7835532300575319,0.8192312690590375,0.8493593908825312,0.8747482575877226,0.8960979864079972,0.9140121266824804,0.9290100115634432,0.9415376565816592,0.9519773607635056,0.9606561509869684,0.9678531965381328,0.9738063082903304,0.9787176254858936,0.9827585826721162,0.9860742398505554,0.9887870502692784,0.9910001324529736,0.9928001059623788,0.9942595439429776,0.9954390897081192,0.9963892793522612,0.9971521076581212,0.9977623703028096,0.9982488115413292,0.9986351031130948,0.998940677042999,0.9991814322604992,0.9993703325080764,0.999517910826496,0.9996326939630444,0.999721558326824,0.9997900275907198,0.9998425206930398,0.9998825578049788,0.9999129307864498,0.999935843737384,0.9999530284505848,0.9999658388731526,0.9999753280750546,0.9999823106953222,0.999987413379364,0.9999911153266098,0.9999937807286268,0.9999956845872104,0.9999970331537072,0.9999979800195452,0.999998638708824,0.9999990924725494,0.9999994018569076,0.9999996105114748,0.9999997496145194,0.9999998412189636,0.9999999007618522,0.9999999389303706,0.9999999630368032,0.999999978021883,0.9999999871794316,0.999999992673961,0.999999995906037,0.9999999977669292,0.9999999988136812,0.9999999993877065,0.9999999996938532,0.999999999852205,0.9999999999313808,0.9999999999695026,0.9999999999870972,0.9999999999948388,0.9999999999980644,0.9999999999993268,0.9999999999997858,0.9999999999999388,0.9999999999999848,0.9999999999999968,0.9999999999999994,1.0,1.0,1.0,1.0,1.0,1.0,1.0,1.0,1.0,1.0,1.0,1.0,1.0,1.0,1.0,1.0,1.0,deepseek-coder-7b-instruct-v1.5,1.6470588235294117,0.2059556686617581,-0.1565007891118795,0.8741288522705921,1.1506744602395256
ABC408,baseline,100,20,4.0,10.0,3.49618498755539,20,79,0,1,0,0,0,0.1999999999999999,0.3616161616161615,0.4918985776128632,0.5966617574864997,0.6806905580101457,0.7479135984290624,0.8015490030186235,0.8442266367780593,0.8780904113915247,0.9048837275692116,0.9260206769982756,0.9426452439649552,0.955680415791102,0.965868825954067,0.9738063082903304,0.9799695298690764,0.984738689424058,0.9884161136592248,0.9912414517911212,0.9934040562871408,0.9950530422153556,0.9963054365912148,0.9972527605421854,0.9979663292325268,0.998501505750283,0.9989011042168742,0.9991981030771784,0.9994178008642528,0.9995795228464048,0.9996979671150232,0.9997842622250166,0.9998467949134175,0.9998918552330006,0.9999241372530004,0.9999471259642124,0.9999633948983008,0.999974833992582,0.999982823201286,0.999988364104097,0.999992179151934,0.9999947861012892,0.999996553524581,0.9999977419643808,0.9999985342575805,0.999999057737016,0.9999994003781012,0.9999996224602858,0.9999997649281024,0.9999998553403708,0.9999999120696372,0.9999999472417824,0.9999999687757488,0.9999999817858534,0.999999989536554,0.9999999940858784,0.9999999967143768,0.999999998207842,0.9999999990414038,0.9999999994978782,0.9999999997428156,0.999999999871408,0.9999999999373526,0.9999999999703248,0.9999999999863656,0.9999999999939402,0.999999999997403,0.9999999999989306,0.9999999999995788,0.999999999999842,0.999999999999944,0.9999999999999812,0.9999999999999942,0.9999999999999984,0.9999999999999996,1.0,1.0,1.0,1.0,1.0,1.0,1.0,1.0,1.0,1.0,1.0,1.0,1.0,1.0,1.0,1.0,1.0,1.0,1.0,1.0,1.0,1.0,1.0,1.0,1.0,1.0,deepseek-coder-7b-instruct-v1.5,1.5294117647058822,1.153294002308639,-0.6343024290950375,3.260405180881337,3.4607435840255394
ABC409,baseline,100,54,1.0,3.0,4.281954847608217,54,46,0,0,0,0,0,0.54,0.7909090909090909,0.9061224489795918,0.9583841784136335,0.9817930780559646,0.9921422757925742,0.9966562875713082,0.9985977980137744,0.999420829614385,0.9997645131399148,0.999905805255966,0.9999629571231328,0.999985687979392,0.999994571302528,0.9999979800195452,0.999999263301246,0.999999736893302,0.9999999080711538,0.9999999686096622,0.999999989536554,0.99999999659938,0.9999999989238544,0.9999999996688784,0.9999999999010936,0.9999999999713692,0.9999999999919834,0.9999999999978332,0.999999999999436,0.999999999999859,0.9999999999999662,0.9999999999999925,0.9999999999999984,0.9999999999999996,1.0,1.0,1.0,1.0,1.0,1.0,1.0,1.0,1.0,1.0,1.0,1.0,1.0,1.0,1.0,1.0,1.0,1.0,1.0,1.0,1.0,1.0,1.0,1.0,1.0,1.0,1.0,1.0,1.0,1.0,1.0,1.0,1.0,1.0,1.0,1.0,1.0,1.0,1.0,1.0,1.0,1.0,1.0,1.0,1.0,1.0,1.0,1.0,1.0,1.0,1.0,1.0,1.0,1.0,1.0,1.0,1.0,1.0,1.0,1.0,1.0,1.0,1.0,1.0,1.0,1.0,1.0,deepseek-coder-7b-instruct-v1.5,1.411764705882353,0.5065184158672487,-0.7395757133680949,1.9503343504283064,1.86803279834065
ABC410,baseline,100,53,1.0,4.0,4.269398105147625,53,47,0,0,0,0,0,0.53,0.7816161616161617,0.899721706864564,0.9545129391962972,0.9796255873483414,0.990992364932951,0.9960711378962872,0.9983101668371128,0.99928365768095,0.9997008680425944,0.9998770235286222,0.9999502567082068,0.9999802157362184,0.999992268218752,0.9999970331537072,0.9999988830696308,0.9999995877995068,0.9999998510118698,0.999999947309076,0.9999999817858534,0.9999999938527256,0.9999999979768464,0.9999999993515534,0.9999999997978868,0.999999999938834,0.999999999982058,0.9999999999949084,0.999999999998605,0.999999999999632,0.9999999999999066,0.9999999999999774,0.9999999999999948,0.9999999999999988,0.9999999999999998,1.0,1.0,1.0,1.0,1.0,1.0,1.0,1.0,1.0,1.0,1.0,1.0,1.0,1.0,1.0,1.0,1.0,1.0,1.0,1.0,1.0,1.0,1.0,1.0,1.0,1.0,1.0,1.0,1.0,1.0,1.0,1.0,1.0,1.0,1.0,1.0,1.0,1.0,1.0,1.0,1.0,1.0,1.0,1.0,1.0,1.0,1.0,1.0,1.0,1.0,1.0,1.0,1.0,1.0,1.0,1.0,1.0,1.0,1.0,1.0,1.0,1.0,1.0,1.0,1.0,1.0,deepseek-coder-7b-instruct-v1.5,0.3529411764705882,0.5565289006955033,-0.7854251143980574,-1.0957613025984043,-1.0470435707134196
ABC411,baseline,100,100,1.0,1.0,4.605170185988092,100,0,0,0,0,0,0,1.0,1.0,1.0,1.0,1.0,1.0,1.0,1.0,1.0,1.0,1.0,1.0,1.0,1.0,1.0,1.0,1.0,1.0,1.0,1.0,1.0,1.0,1.0,1.0,1.0,1.0,1.0,1.0,1.0,1.0,1.0,1.0,1.0,1.0,1.0,1.0,1.0,1.0,1.0,1.0,1.0,1.0,1.0,1.0,1.0,1.0,1.0,1.0,1.0,1.0,1.0,1.0,1.0,1.0,1.0,1.0,1.0,1.0,1.0,1.0,1.0,1.0,1.0,1.0,1.0,1.0,1.0,1.0,1.0,1.0,1.0,1.0,1.0,1.0,1.0,1.0,1.0,1.0,1.0,1.0,1.0,1.0,1.0,1.0,1.0,1.0,1.0,1.0,1.0,1.0,1.0,1.0,1.0,1.0,1.0,1.0,1.0,1.0,1.0,1.0,deepseek-coder-7b-instruct-v1.5,0.1176470588235294,-1.6820704593296076,-0.7824049775470692,-0.7665299110785113,-0.6817022222140068
ABC412,baseline,100,100,1.0,1.0,4.605170185988092,100,0,0,0,0,0,0,1.0,1.0,1.0,1.0,1.0,1.0,1.0,1.0,1.0,1.0,1.0,1.0,1.0,1.0,1.0,1.0,1.0,1.0,1.0,1.0,1.0,1.0,1.0,1.0,1.0,1.0,1.0,1.0,1.0,1.0,1.0,1.0,1.0,1.0,1.0,1.0,1.0,1.0,1.0,1.0,1.0,1.0,1.0,1.0,1.0,1.0,1.0,1.0,1.0,1.0,1.0,1.0,1.0,1.0,1.0,1.0,1.0,1.0,1.0,1.0,1.0,1.0,1.0,1.0,1.0,1.0,1.0,1.0,1.0,1.0,1.0,1.0,1.0,1.0,1.0,1.0,1.0,1.0,1.0,1.0,1.0,1.0,1.0,1.0,1.0,1.0,1.0,1.0,1.0,1.0,1.0,1.0,1.0,1.0,1.0,1.0,1.0,1.0,1.0,1.0,deepseek-coder-7b-instruct-v1.5,0.3529411764705882,0.0532051987255584,-0.5617273146289044,-1.0435524668018674,-0.9564477909741926
ABC413,baseline,100,100,1.0,1.0,4.605170185988092,100,0,0,0,0,0,0,1.0,1.0,1.0,1.0,1.0,1.0,1.0,1.0,1.0,1.0,1.0,1.0,1.0,1.0,1.0,1.0,1.0,1.0,1.0,1.0,1.0,1.0,1.0,1.0,1.0,1.0,1.0,1.0,1.0,1.0,1.0,1.0,1.0,1.0,1.0,1.0,1.0,1.0,1.0,1.0,1.0,1.0,1.0,1.0,1.0,1.0,1.0,1.0,1.0,1.0,1.0,1.0,1.0,1.0,1.0,1.0,1.0,1.0,1.0,1.0,1.0,1.0,1.0,1.0,1.0,1.0,1.0,1.0,1.0,1.0,1.0,1.0,1.0,1.0,1.0,1.0,1.0,1.0,1.0,1.0,1.0,1.0,1.0,1.0,1.0,1.0,1.0,1.0,1.0,1.0,1.0,1.0,1.0,1.0,1.0,1.0,1.0,1.0,1.0,1.0,deepseek-coder-7b-instruct-v1.5,0.9411764705882352,0.4038878994230736,-0.0518637678201574,-0.4071424847182188,-0.3836975736758725
ABC414,baseline,100,0,,,0.0,0,100,0,0,0,0,0,0.0,0.0,0.0,0.0,0.0,0.0,0.0,0.0,0.0,0.0,0.0,0.0,0.0,0.0,0.0,0.0,0.0,0.0,0.0,0.0,0.0,0.0,0.0,0.0,0.0,0.0,0.0,0.0,0.0,0.0,0.0,0.0,0.0,0.0,0.0,0.0,0.0,0.0,0.0,0.0,0.0,0.0,0.0,0.0,0.0,0.0,0.0,0.0,0.0,0.0,0.0,0.0,0.0,0.0,0.0,0.0,0.0,0.0,0.0,0.0,0.0,0.0,0.0,0.0,0.0,0.0,0.0,0.0,0.0,0.0,0.0,0.0,0.0,0.0,0.0,0.0,0.0,0.0,0.0,0.0,0.0,0.0,0.0,0.0,0.0,0.0,0.0,0.0,0.0,0.0,0.0,0.0,0.0,0.0,0.0,0.0,0.0,0.0,0.0,0.0,deepseek-coder-7b-instruct-v1.5,0.8235294117647058,0.7173773719414367,0.98678405612091,-1.1311274167066123,-1.0173256897676677
ABC415,baseline,100,100,1.0,1.0,4.605170185988092,100,0,0,0,0,0,0,1.0,1.0,1.0,1.0,1.0,1.0,1.0,1.0,1.0,1.0,1.0,1.0,1.0,1.0,1.0,1.0,1.0,1.0,1.0,1.0,1.0,1.0,1.0,1.0,1.0,1.0,1.0,1.0,1.0,1.0,1.0,1.0,1.0,1.0,1.0,1.0,1.0,1.0,1.0,1.0,1.0,1.0,1.0,1.0,1.0,1.0,1.0,1.0,1.0,1.0,1.0,1.0,1.0,1.0,1.0,1.0,1.0,1.0,1.0,1.0,1.0,1.0,1.0,1.0,1.0,1.0,1.0,1.0,1.0,1.0,1.0,1.0,1.0,1.0,1.0,1.0,1.0,1.0,1.0,1.0,1.0,1.0,1.0,1.0,1.0,1.0,1.0,1.0,1.0,1.0,1.0,1.0,1.0,1.0,1.0,1.0,1.0,1.0,1.0,1.0,deepseek-coder-7b-instruct-v1.5,0.9411764705882352,0.1114146152782703,0.7441222765400832,-0.5061580003884498,-0.6591333959959762
ABC416,baseline,100,100,1.0,1.0,4.605170185988092,100,0,0,0,0,0,0,1.0,1.0,1.0,1.0,1.0,1.0,1.0,1.0,1.0,1.0,1.0,1.0,1.0,1.0,1.0,1.0,1.0,1.0,1.0,1.0,1.0,1.0,1.0,1.0,1.0,1.0,1.0,1.0,1.0,1.0,1.0,1.0,1.0,1.0,1.0,1.0,1.0,1.0,1.0,1.0,1.0,1.0,1.0,1.0,1.0,1.0,1.0,1.0,1.0,1.0,1.0,1.0,1.0,1.0,1.0,1.0,1.0,1.0,1.0,1.0,1.0,1.0,1.0,1.0,1.0,1.0,1.0,1.0,1.0,1.0,1.0,1.0,1.0,1.0,1.0,1.0,1.0,1.0,1.0,1.0,1.0,1.0,1.0,1.0,1.0,1.0,1.0,1.0,1.0,1.0,1.0,1.0,1.0,1.0,1.0,1.0,1.0,1.0,1.0,1.0,deepseek-coder-7b-instruct-v1.5,1.6470588235294117,-0.3223679484641272,2.714054009170995,0.7575503274556538,0.6191545671898739
ABC417,baseline,100,76,1.0,2.0,4.486197200386373,76,24,0,0,0,0,0,0.76,0.9442424242424242,0.987482993197279,0.9972901325478644,0.9994354442808052,0.9998870888561612,0.9999783787171372,0.9999960477224874,0.9999993126473892,0.9999998867001192,0.999999982375574,0.9999999974256456,0.9999999996489516,0.9999999999556146,0.9999999999948388,0.9999999999994535,0.999999999999948,0.9999999999999956,0.9999999999999996,1.0,1.0,1.0,1.0,1.0,1.0,1.0,1.0,1.0,1.0,1.0,1.0,1.0,1.0,1.0,1.0,1.0,1.0,1.0,1.0,1.0,1.0,1.0,1.0,1.0,1.0,1.0,1.0,1.0,1.0,1.0,1.0,1.0,1.0,1.0,1.0,1.0,1.0,1.0,1.0,1.0,1.0,1.0,1.0,1.0,1.0,1.0,1.0,1.0,1.0,1.0,1.0,1.0,1.0,1.0,1.0,1.0,1.0,1.0,1.0,1.0,1.0,1.0,1.0,1.0,1.0,1.0,1.0,1.0,1.0,1.0,1.0,1.0,1.0,1.0,1.0,1.0,1.0,1.0,1.0,1.0,deepseek-coder-7b-instruct-v1.5,1.1764705882352942,-2.307309396526112,2.7126202929318604,0.2464823675728879,0.2796360974052475
ABC418,baseline,100,91,1.0,1.0,4.569795012249748,91,9,0,0,0,0,0,0.91,0.9927272727272728,0.9994805194805196,0.999967867184362,0.9999983264158522,0.9999999295332992,0.9999999977510629,0.9999999999516358,0.9999999999994744,1.0,1.0,1.0,1.0,1.0,1.0,1.0,1.0,1.0,1.0,1.0,1.0,1.0,1.0,1.0,1.0,1.0,1.0,1.0,1.0,1.0,1.0,1.0,1.0,1.0,1.0,1.0,1.0,1.0,1.0,1.0,1.0,1.0,1.0,1.0,1.0,1.0,1.0,1.0,1.0,1.0,1.0,1.0,1.0,1.0,1.0,1.0,1.0,1.0,1.0,1.0,1.0,1.0,1.0,1.0,1.0,1.0,1.0,1.0,1.0,1.0,1.0,1.0,1.0,1.0,1.0,1.0,1.0,1.0,1.0,1.0,1.0,1.0,1.0,1.0,1.0,1.0,1.0,1.0,1.0,1.0,1.0,1.0,1.0,1.0,1.0,1.0,1.0,1.0,1.0,1.0,deepseek-coder-7b-instruct-v1.5,1.3529411764705883,-1.6820704593296076,2.18229409666996,0.9220399729107336,0.2628358187951024
ABC419,baseline,100,100,1.0,1.0,4.605170185988092,100,0,0,0,0,0,0,1.0,1.0,1.0,1.0,1.0,1.0,1.0,1.0,1.0,1.0,1.0,1.0,1.0,1.0,1.0,1.0,1.0,1.0,1.0,1.0,1.0,1.0,1.0,1.0,1.0,1.0,1.0,1.0,1.0,1.0,1.0,1.0,1.0,1.0,1.0,1.0,1.0,1.0,1.0,1.0,1.0,1.0,1.0,1.0,1.0,1.0,1.0,1.0,1.0,1.0,1.0,1.0,1.0,1.0,1.0,1.0,1.0,1.0,1.0,1.0,1.0,1.0,1.0,1.0,1.0,1.0,1.0,1.0,1.0,1.0,1.0,1.0,1.0,1.0,1.0,1.0,1.0,1.0,1.0,1.0,1.0,1.0,1.0,1.0,1.0,1.0,1.0,1.0,1.0,1.0,1.0,1.0,1.0,1.0,1.0,1.0,1.0,1.0,1.0,1.0,deepseek-coder-7b-instruct-v1.5,1.5294117647058822,0.7016803417743909,1.3463372953719417,0.3182470078101129,0.3118561475057018
ABC420,baseline,100,74,1.0,2.0,4.472232293572973,74,26,0,0,0,0,0,0.74,0.9343434343434344,0.983920841063698,0.9961874159223202,0.9991262828155316,0.9998068625171176,0.9999589069185356,0.9999916046392708,0.9999983574294226,0.999999693146156,0.9999999454482056,0.9999999908058772,0.9999999985372988,0.9999999997814354,0.9999999999695026,0.9999999999960532,0.9999999999995302,0.999999999999949,0.999999999999995,0.9999999999999996,1.0,1.0,1.0,1.0,1.0,1.0,1.0,1.0,1.0,1.0,1.0,1.0,1.0,1.0,1.0,1.0,1.0,1.0,1.0,1.0,1.0,1.0,1.0,1.0,1.0,1.0,1.0,1.0,1.0,1.0,1.0,1.0,1.0,1.0,1.0,1.0,1.0,1.0,1.0,1.0,1.0,1.0,1.0,1.0,1.0,1.0,1.0,1.0,1.0,1.0,1.0,1.0,1.0,1.0,1.0,1.0,1.0,1.0,1.0,1.0,1.0,1.0,1.0,1.0,1.0,1.0,1.0,1.0,1.0,1.0,1.0,1.0,1.0,1.0,1.0,1.0,1.0,1.0,1.0,1.0,deepseek-coder-7b-instruct-v1.5,1.5294117647058822,1.2463901431980775,0.1827399303432538,0.0447178462501954,0.1881528488032692
ABC421,baseline,100,50,1.0,4.0,4.229479639623548,50,0,0,50,0,0,0,0.5,0.7525252525252525,0.8787878787878788,0.9412683536394876,0.9718577527855878,0.9866694618458048,0.9937601736299512,0.9971149189901924,0.9986828977998704,0.999406580327414,0.9997362579232952,0.9998844276293092,0.99995009374902,0.9999787755024568,0.9999911153266098,0.9999963416050748,0.9999985192211016,0.9999994112565824,0.9999997702464712,0.9999999120696372,0.999999967026114,0.999999987895662,0.9999999956548532,0.999999998476377,0.9999999994787606,0.9999999998262536,0.9999999999436496,0.999999999982246,0.9999999999945752,0.9999999999983956,0.9999999999995416,0.9999999999998738,0.9999999999999666,0.9999999999999916,0.999999999999998,0.9999999999999996,1.0,1.0,1.0,1.0,1.0,1.0,1.0,1.0,1.0,1.0,1.0,1.0,1.0,1.0,1.0,1.0,1.0,1.0,1.0,1.0,1.0,1.0,1.0,1.0,1.0,1.0,1.0,1.0,1.0,1.0,1.0,1.0,1.0,1.0,1.0,1.0,1.0,1.0,1.0,1.0,1.0,1.0,1.0,1.0,1.0,1.0,1.0,1.0,1.0,1.0,1.0,1.0,1.0,1.0,1.0,1.0,1.0,1.0,1.0,1.0,1.0,1.0,1.0,1.0,deepseek-coder-7b-instruct-v1.5,0.9411764705882352,0.0137528376121723,0.2956465382130743,-0.1926888993723169,-0.6276898811504297
ABC392,feedback,100,79,1.0,2.0,4.505781735393128,79,21,0,0,0,0,0,0.79,0.9575757575757576,0.9917748917748918,0.9984736912571964,0.9997297161601284,0.9999544785111796,0.999992735932635,0.9999989064844826,0.999999845481503,0.9999999796239344,0.999999997509592,0.9999999997201788,0.999999999971382,0.9999999999973684,0.9999999999997858,0.9999999999999848,0.9999999999999992,1.0,1.0,1.0,1.0,1.0,1.0,1.0,1.0,1.0,1.0,1.0,1.0,1.0,1.0,1.0,1.0,1.0,1.0,1.0,1.0,1.0,1.0,1.0,1.0,1.0,1.0,1.0,1.0,1.0,1.0,1.0,1.0,1.0,1.0,1.0,1.0,1.0,1.0,1.0,1.0,1.0,1.0,1.0,1.0,1.0,1.0,1.0,1.0,1.0,1.0,1.0,1.0,1.0,1.0,1.0,1.0,1.0,1.0,1.0,1.0,1.0,1.0,1.0,1.0,1.0,1.0,1.0,1.0,1.0,1.0,1.0,1.0,1.0,1.0,1.0,1.0,1.0,1.0,1.0,1.0,1.0,1.0,1.0,deepseek-coder-7b-instruct-v1.5,1.0,0.794637198494669,-1.1099218058382023,-0.5431687708553892,-0.3188383909564422
ABC393,feedback,100,13,5.0,16.0,3.114464251290213,13,86,0,1,0,0,0,0.13,0.2442424242424242,0.3444959802102659,0.4323470344088901,0.5092167068326863,0.5763765258976871,0.6349627510394963,0.6859894632597818,0.7303605173643778,0.768880443455181,0.8022643794005437,0.8311471104993408,0.8560912873573927,0.8775948880970926,0.8960979864079972,0.9119888826044212,0.9256096507727846,0.9372611512541555,0.9472075541041066,0.955680415791102,0.9628823482250478,0.9689903162386476,0.9741585968655396,0.978521431160968,0.982195396883434,0.9852815280903054,0.9878672055879544,0.9900278402092776,0.9918283690603804,0.9933245831760852,0.9945643034433838,0.9955884201859346,0.996431810444506,0.9971241457313929,0.9976906018752094,0.9981524815001676,0.998527758695446,0.9988315545201952,0.9990765511530576,0.999273351726996,0.9994307921861468,0.999556210856996,0.9996556808373244,0.9997342097691628,0.99979591107275,0.9998441502737364,0.9998816696522812,0.9999106940771936,0.999933020557895,0.99995009374902,0.9999630693742748,0.9999728672953856,0.9999802157362184,0.999985687979392,0.9999897326808684,0.999992698795284,0.9999948559694048,0.9999964111414452,0.9999975219786168,0.999998307692714,0.999998857692582,0.9999992384617212,0.9999994989879746,0.9999996750192268,0.9999997923733948,0.9999998694918482,0.999999919392024,0.9999999511466812,0.999999970993342,0.9999999831574244,0.9999999904558738,0.9999999947342753,0.999999997179076,0.9999999985372988,0.9999999992686494,0.9999999996489516,0.9999999998391028,0.9999999999300448,0.999999999971382,0.9999999999890978,0.9999999999961844,0.9999999999987952,0.9999999999996652,0.9999999999999212,0.9999999999999852,0.999999999999998,1.0,1.0,1.0,1.0,1.0,1.0,1.0,1.0,1.0,1.0,1.0,1.0,1.0,1.0,deepseek-coder-7b-instruct-v1.5,0.8235294117647058,1.36193605744027,-0.7344672051885421,-0.5534928910634889,-0.5928937061567103
ABC394,feedback,100,100,1.0,1.0,4.605170185988092,100,0,0,0,0,0,0,1.0,1.0,1.0,1.0,1.0,1.0,1.0,1.0,1.0,1.0,1.0,1.0,1.0,1.0,1.0,1.0,1.0,1.0,1.0,1.0,1.0,1.0,1.0,1.0,1.0,1.0,1.0,1.0,1.0,1.0,1.0,1.0,1.0,1.0,1.0,1.0,1.0,1.0,1.0,1.0,1.0,1.0,1.0,1.0,1.0,1.0,1.0,1.0,1.0,1.0,1.0,1.0,1.0,1.0,1.0,1.0,1.0,1.0,1.0,1.0,1.0,1.0,1.0,1.0,1.0,1.0,1.0,1.0,1.0,1.0,1.0,1.0,1.0,1.0,1.0,1.0,1.0,1.0,1.0,1.0,1.0,1.0,1.0,1.0,1.0,1.0,1.0,1.0,1.0,1.0,1.0,1.0,1.0,1.0,1.0,1.0,1.0,1.0,1.0,1.0,deepseek-coder-7b-instruct-v1.5,0.3529411764705882,-1.2563043817886357,-0.3879553586104252,-1.0678501636637183,-1.0377128216981006
ABC395,feedback,100,100,1.0,1.0,4.605170185988092,100,0,0,0,0,0,0,1.0,1.0,1.0,1.0,1.0,1.0,1.0,1.0,1.0,1.0,1.0,1.0,1.0,1.0,1.0,1.0,1.0,1.0,1.0,1.0,1.0,1.0,1.0,1.0,1.0,1.0,1.0,1.0,1.0,1.0,1.0,1.0,1.0,1.0,1.0,1.0,1.0,1.0,1.0,1.0,1.0,1.0,1.0,1.0,1.0,1.0,1.0,1.0,1.0,1.0,1.0,1.0,1.0,1.0,1.0,1.0,1.0,1.0,1.0,1.0,1.0,1.0,1.0,1.0,1.0,1.0,1.0,1.0,1.0,1.0,1.0,1.0,1.0,1.0,1.0,1.0,1.0,1.0,1.0,1.0,1.0,1.0,1.0,1.0,1.0,1.0,1.0,1.0,1.0,1.0,1.0,1.0,1.0,1.0,1.0,1.0,1.0,1.0,1.0,1.0,deepseek-coder-7b-instruct-v1.5,1.5294117647058822,0.1305660300150847,-0.4854086704712708,0.7091350055960471,0.5914581430981675
ABC396,feedback,100,100,1.0,1.0,4.605170185988092,100,0,0,0,0,0,0,1.0,1.0,1.0,1.0,1.0,1.0,1.0,1.0,1.0,1.0,1.0,1.0,1.0,1.0,1.0,1.0,1.0,1.0,1.0,1.0,1.0,1.0,1.0,1.0,1.0,1.0,1.0,1.0,1.0,1.0,1.0,1.0,1.0,1.0,1.0,1.0,1.0,1.0,1.0,1.0,1.0,1.0,1.0,1.0,1.0,1.0,1.0,1.0,1.0,1.0,1.0,1.0,1.0,1.0,1.0,1.0,1.0,1.0,1.0,1.0,1.0,1.0,1.0,1.0,1.0,1.0,1.0,1.0,1.0,1.0,1.0,1.0,1.0,1.0,1.0,1.0,1.0,1.0,1.0,1.0,1.0,1.0,1.0,1.0,1.0,1.0,1.0,1.0,1.0,1.0,1.0,1.0,1.0,1.0,1.0,1.0,1.0,1.0,1.0,1.0,deepseek-coder-7b-instruct-v1.5,1.5294117647058822,0.6380459914389404,-0.4852233923094055,0.8455814594161053,0.7882666893697639
ABC397,feedback,100,100,1.0,1.0,4.605170185988092,100,0,0,0,0,0,0,1.0,1.0,1.0,1.0,1.0,1.0,1.0,1.0,1.0,1.0,1.0,1.0,1.0,1.0,1.0,1.0,1.0,1.0,1.0,1.0,1.0,1.0,1.0,1.0,1.0,1.0,1.0,1.0,1.0,1.0,1.0,1.0,1.0,1.0,1.0,1.0,1.0,1.0,1.0,1.0,1.0,1.0,1.0,1.0,1.0,1.0,1.0,1.0,1.0,1.0,1.0,1.0,1.0,1.0,1.0,1.0,1.0,1.0,1.0,1.0,1.0,1.0,1.0,1.0,1.0,1.0,1.0,1.0,1.0,1.0,1.0,1.0,1.0,1.0,1.0,1.0,1.0,1.0,1.0,1.0,1.0,1.0,1.0,1.0,1.0,1.0,1.0,1.0,1.0,1.0,1.0,1.0,1.0,1.0,1.0,1.0,1.0,1.0,1.0,1.0,deepseek-coder-7b-instruct-v1.5,1.0588235294117647,-0.0872427431051071,-0.5569527267011065,0.2216684647006315,0.3497461375626247
ABC398,feedback,100,7,10.0,28.0,2.556428230872064,7,93,0,0,0,0,0,0.0699999999999999,0.1357575757575757,0.1974891774891775,0.2554023296291337,0.3096959097603426,0.3605604216727385,0.4081782626120026,0.4527239847809917,0.494364551156351,0.5332595856827855,0.5695616179074577,0.6034163221169835,0.6349627510394962,0.6643335641742494,0.6916552508112291,0.7170483478032456,0.7406276521529751,0.762502428477423,0.7827766114122772,0.8015490030186235,0.818913465254494,0.834959107573716,0.8497704697145364,0.8634276997404876,0.8760067273959691,0.887579432839012,0.8982138108137,0.9079741303247152,0.9169210898764788,0.9251119683393612,0.9326007715054252,0.939438374396179,0.9456726593848076,0.9513486501953502,0.956508641841298,0.9611923265660812,0.965436915847916,0.969277258531481,0.9727459551488944,0.975873468492464,0.9786882305016764,0.9812167455269012,0.9834836900322752,0.9855120088002416,0.9873230077002112,0.9889364430838208,0.9903706078692514,0.991642414377086,0.9927674739801706,0.9937601736299512,0.994633749321758,0.9954003565615068,0.9960711378962872,0.9966562875713082,0.9971651133756744,0.9976060957394584,0.9979869441445444,0.9983146509117116,0.9985955424264265,0.998835327865817,0.9990391454892992,0.9992116065553224,0.9993568369267104,0.9994785164270624,0.9995799160106892,0.9996639328085514,0.9997331231126731,0.9997897333615,0.999835729188672,0.9998728225976816,0.9999024973248892,0.9999260324533642,0.9999445243400232,0.9999589069185356,0.9999699704404684,0.9999783787171372,0.9999846849246388,0.9999893460345314,0.999992735932635,0.9999951572884234,0.9999968522374753,0.999998011939458,0.9999987850741132,0.9999992853377137,0.999999598002464,0.999999785601314,0.999999892800657,0.9999999505233802,0.9999999793847416,0.9999999925035424,0.9999999977510629,0.9999999995002362,0.9999999999375296,1.0,1.0,1.0,1.0,1.0,1.0,1.0,deepseek-coder-7b-instruct-v1.5,0.5882352941176471,-0.8045514370852237,-0.4757746795435722,-0.5962299468086405,-0.3834140766780491
ABC399,feedback,100,100,1.0,1.0,4.605170185988092,100,0,0,0,0,0,0,1.0,1.0,1.0,1.0,1.0,1.0,1.0,1.0,1.0,1.0,1.0,1.0,1.0,1.0,1.0,1.0,1.0,1.0,1.0,1.0,1.0,1.0,1.0,1.0,1.0,1.0,1.0,1.0,1.0,1.0,1.0,1.0,1.0,1.0,1.0,1.0,1.0,1.0,1.0,1.0,1.0,1.0,1.0,1.0,1.0,1.0,1.0,1.0,1.0,1.0,1.0,1.0,1.0,1.0,1.0,1.0,1.0,1.0,1.0,1.0,1.0,1.0,1.0,1.0,1.0,1.0,1.0,1.0,1.0,1.0,1.0,1.0,1.0,1.0,1.0,1.0,1.0,1.0,1.0,1.0,1.0,1.0,1.0,1.0,1.0,1.0,1.0,1.0,1.0,1.0,1.0,1.0,1.0,1.0,1.0,1.0,1.0,1.0,1.0,1.0,deepseek-coder-7b-instruct-v1.5,0.3529411764705882,-0.7526398731784819,-0.3480303529009059,-1.039410813927689,-0.9701789064339884
ABC400,feedback,100,87,1.0,2.0,4.550796602425026,87,13,0,0,0,0,0,0.87,0.9842424242424244,0.9982312925170068,0.999817659022372,0.9999829055333472,0.999998560465966,0.999999892800657,0.9999999930839134,0.9999999996241258,0.999999999983478,0.9999999999994492,0.9999999999999876,1.0,1.0,1.0,1.0,1.0,1.0,1.0,1.0,1.0,1.0,1.0,1.0,1.0,1.0,1.0,1.0,1.0,1.0,1.0,1.0,1.0,1.0,1.0,1.0,1.0,1.0,1.0,1.0,1.0,1.0,1.0,1.0,1.0,1.0,1.0,1.0,1.0,1.0,1.0,1.0,1.0,1.0,1.0,1.0,1.0,1.0,1.0,1.0,1.0,1.0,1.0,1.0,1.0,1.0,1.0,1.0,1.0,1.0,1.0,1.0,1.0,1.0,1.0,1.0,1.0,1.0,1.0,1.0,1.0,1.0,1.0,1.0,1.0,1.0,1.0,1.0,1.0,1.0,1.0,1.0,1.0,1.0,1.0,1.0,1.0,1.0,1.0,1.0,deepseek-coder-7b-instruct-v1.5,0.7647058823529411,0.6219212471892703,-0.3308256141650119,-0.7412838357324284,-0.6131206006535906
ABC401,feedback,100,100,1.0,1.0,4.605170185988092,100,0,0,0,0,0,0,1.0,1.0,1.0,1.0,1.0,1.0,1.0,1.0,1.0,1.0,1.0,1.0,1.0,1.0,1.0,1.0,1.0,1.0,1.0,1.0,1.0,1.0,1.0,1.0,1.0,1.0,1.0,1.0,1.0,1.0,1.0,1.0,1.0,1.0,1.0,1.0,1.0,1.0,1.0,1.0,1.0,1.0,1.0,1.0,1.0,1.0,1.0,1.0,1.0,1.0,1.0,1.0,1.0,1.0,1.0,1.0,1.0,1.0,1.0,1.0,1.0,1.0,1.0,1.0,1.0,1.0,1.0,1.0,1.0,1.0,1.0,1.0,1.0,1.0,1.0,1.0,1.0,1.0,1.0,1.0,1.0,1.0,1.0,1.0,1.0,1.0,1.0,1.0,1.0,1.0,1.0,1.0,1.0,1.0,1.0,1.0,1.0,1.0,1.0,1.0,deepseek-coder-7b-instruct-v1.5,0.6470588235294118,-0.4823465436940855,-0.623540230219966,-0.1053300357044863,-0.3211063669390298
ABC402,feedback,100,100,1.0,1.0,4.605170185988092,100,0,0,0,0,0,0,1.0,1.0,1.0,1.0,1.0,1.0,1.0,1.0,1.0,1.0,1.0,1.0,1.0,1.0,1.0,1.0,1.0,1.0,1.0,1.0,1.0,1.0,1.0,1.0,1.0,1.0,1.0,1.0,1.0,1.0,1.0,1.0,1.0,1.0,1.0,1.0,1.0,1.0,1.0,1.0,1.0,1.0,1.0,1.0,1.0,1.0,1.0,1.0,1.0,1.0,1.0,1.0,1.0,1.0,1.0,1.0,1.0,1.0,1.0,1.0,1.0,1.0,1.0,1.0,1.0,1.0,1.0,1.0,1.0,1.0,1.0,1.0,1.0,1.0,1.0,1.0,1.0,1.0,1.0,1.0,1.0,1.0,1.0,1.0,1.0,1.0,1.0,1.0,1.0,1.0,1.0,1.0,1.0,1.0,1.0,1.0,1.0,1.0,1.0,1.0,deepseek-coder-7b-instruct-v1.5,0.1176470588235294,-1.9782057281584533,-0.6473392922921283,-1.3777658465617155,-1.2961881279745069
ABC403,feedback,100,46,2.0,4.0,4.170443306951521,46,54,0,0,0,0,0,0.4599999999999999,0.7109090909090909,0.8466048237476809,0.9193489279498116,0.9579942333071936,0.9783338677058157,0.9889364430838208,0.9944087400531136,0.9972043700265568,0.998617545617528,0.9993241334130136,0.9996734577164,0.9998441502737364,0.999926553577278,0.9999658388731526,0.9999843260712112,0.999992909413167,0.99999683913599,0.9999986123036054,0.9999994003781012,0.999999745160693,0.9999998935481376,0.9999999563274412,0.9999999824175412,0.9999999930595558,0.9999999973163616,0.9999999989845691,0.9999999996244298,0.9999999998643774,0.9999999999522456,0.9999999999836272,0.9999999999945424,0.9999999999982344,0.9999999999994466,0.9999999999998322,0.9999999999999508,0.9999999999999862,0.9999999999999962,0.999999999999999,0.9999999999999998,1.0,1.0,1.0,1.0,1.0,1.0,1.0,1.0,1.0,1.0,1.0,1.0,1.0,1.0,1.0,1.0,1.0,1.0,1.0,1.0,1.0,1.0,1.0,1.0,1.0,1.0,1.0,1.0,1.0,1.0,1.0,1.0,1.0,1.0,1.0,1.0,1.0,1.0,1.0,1.0,1.0,1.0,1.0,1.0,1.0,1.0,1.0,1.0,1.0,1.0,1.0,1.0,1.0,1.0,1.0,1.0,1.0,1.0,1.0,1.0,deepseek-coder-7b-instruct-v1.5,0.5294117647058824,-0.2782046920870102,-0.4359520780521747,-0.7012238483668171,-0.8113836097835858
ABC404,feedback,100,0,,,0.0,0,95,0,5,0,0,0,0.0,0.0,0.0,0.0,0.0,0.0,0.0,0.0,0.0,0.0,0.0,0.0,0.0,0.0,0.0,0.0,0.0,0.0,0.0,0.0,0.0,0.0,0.0,0.0,0.0,0.0,0.0,0.0,0.0,0.0,0.0,0.0,0.0,0.0,0.0,0.0,0.0,0.0,0.0,0.0,0.0,0.0,0.0,0.0,0.0,0.0,0.0,0.0,0.0,0.0,0.0,0.0,0.0,0.0,0.0,0.0,0.0,0.0,0.0,0.0,0.0,0.0,0.0,0.0,0.0,0.0,0.0,0.0,0.0,0.0,0.0,0.0,0.0,0.0,0.0,0.0,0.0,0.0,0.0,0.0,0.0,0.0,0.0,0.0,0.0,0.0,0.0,0.0,0.0,0.0,0.0,0.0,0.0,0.0,0.0,0.0,0.0,0.0,0.0,0.0,deepseek-coder-7b-instruct-v1.5,1.0588235294117647,-0.3223679484641272,-0.5639524463251423,0.2872626423948777,0.1703911455918096
ABC405,feedback,100,95,1.0,1.0,4.586710035596483,95,5,0,0,0,0,0,0.95,0.997979797979798,0.9999381570810142,0.9999987248882684,0.9999999867175862,1.0,1.0,1.0,1.0,1.0,1.0,1.0,1.0,1.0,1.0,1.0,1.0,1.0,1.0,1.0,1.0,1.0,1.0,1.0,1.0,1.0,1.0,1.0,1.0,1.0,1.0,1.0,1.0,1.0,1.0,1.0,1.0,1.0,1.0,1.0,1.0,1.0,1.0,1.0,1.0,1.0,1.0,1.0,1.0,1.0,1.0,1.0,1.0,1.0,1.0,1.0,1.0,1.0,1.0,1.0,1.0,1.0,1.0,1.0,1.0,1.0,1.0,1.0,1.0,1.0,1.0,1.0,1.0,1.0,1.0,1.0,1.0,1.0,1.0,1.0,1.0,1.0,1.0,1.0,1.0,1.0,1.0,1.0,1.0,1.0,1.0,1.0,1.0,1.0,1.0,1.0,1.0,1.0,1.0,1.0,deepseek-coder-7b-instruct-v1.5,1.588235294117647,1.5450181529047935,-0.0351268767505879,0.4962420430722992,0.619844820749792
ABC406,feedback,100,100,1.0,1.0,4.605170185988092,100,0,0,0,0,0,0,1.0,1.0,1.0,1.0,1.0,1.0,1.0,1.0,1.0,1.0,1.0,1.0,1.0,1.0,1.0,1.0,1.0,1.0,1.0,1.0,1.0,1.0,1.0,1.0,1.0,1.0,1.0,1.0,1.0,1.0,1.0,1.0,1.0,1.0,1.0,1.0,1.0,1.0,1.0,1.0,1.0,1.0,1.0,1.0,1.0,1.0,1.0,1.0,1.0,1.0,1.0,1.0,1.0,1.0,1.0,1.0,1.0,1.0,1.0,1.0,1.0,1.0,1.0,1.0,1.0,1.0,1.0,1.0,1.0,1.0,1.0,1.0,1.0,1.0,1.0,1.0,1.0,1.0,1.0,1.0,1.0,1.0,1.0,1.0,1.0,1.0,1.0,1.0,1.0,1.0,1.0,1.0,1.0,1.0,1.0,1.0,1.0,1.0,1.0,1.0,deepseek-coder-7b-instruct-v1.5,1.7647058823529411,1.193551538241371,-0.2323276600244304,0.9349211135889776,1.057083473088512
ABC407,feedback,100,76,1.0,2.0,4.486197200386373,76,24,0,0,0,0,0,0.76,0.9442424242424242,0.987482993197279,0.9972901325478644,0.9994354442808052,0.9998870888561612,0.9999783787171372,0.9999960477224874,0.9999993126473892,0.9999998867001192,0.999999982375574,0.9999999974256456,0.9999999996489516,0.9999999999556146,0.9999999999948388,0.9999999999994535,0.999999999999948,0.9999999999999956,0.9999999999999996,1.0,1.0,1.0,1.0,1.0,1.0,1.0,1.0,1.0,1.0,1.0,1.0,1.0,1.0,1.0,1.0,1.0,1.0,1.0,1.0,1.0,1.0,1.0,1.0,1.0,1.0,1.0,1.0,1.0,1.0,1.0,1.0,1.0,1.0,1.0,1.0,1.0,1.0,1.0,1.0,1.0,1.0,1.0,1.0,1.0,1.0,1.0,1.0,1.0,1.0,1.0,1.0,1.0,1.0,1.0,1.0,1.0,1.0,1.0,1.0,1.0,1.0,1.0,1.0,1.0,1.0,1.0,1.0,1.0,1.0,1.0,1.0,1.0,1.0,1.0,1.0,1.0,1.0,1.0,1.0,1.0,deepseek-coder-7b-instruct-v1.5,1.6470588235294117,0.2059556686617581,-0.1565007891118795,0.8741288522705921,1.1506744602395256
ABC408,feedback,100,42,2.0,5.0,4.103696210577782,42,57,0,1,0,0,0,0.42,0.666060606060606,0.8091774891774892,0.8918016691212568,0.9391384388807068,0.9660456553755524,0.9812167455269012,0.9896995056115264,0.9944019052236556,0.996985641274276,0.9983923420129472,0.999151012074253,0.999556210856996,0.9997704538915496,0.9998825578049788,0.999940588066048,0.999970294033024,0.9999853259681204,0.9999928419356684,0.999996553524581,0.999998362924176,0.999999233268285,0.999999646123824,0.9999998391471928,0.9999999280395336,0.9999999683373948,0.9999999863080626,0.9999999941856156,0.9999999975773398,0.9999999990104628,0.9999999996041852,0.999999999845116,0.9999999999407796,0.9999999999779028,0.9999999999919646,0.9999999999971568,0.9999999999990228,0.9999999999996744,0.9999999999998948,0.9999999999999672,0.9999999999999902,0.9999999999999972,0.9999999999999992,0.9999999999999998,1.0,1.0,1.0,1.0,1.0,1.0,1.0,1.0,1.0,1.0,1.0,1.0,1.0,1.0,1.0,1.0,1.0,1.0,1.0,1.0,1.0,1.0,1.0,1.0,1.0,1.0,1.0,1.0,1.0,1.0,1.0,1.0,1.0,1.0,1.0,1.0,1.0,1.0,1.0,1.0,1.0,1.0,1.0,1.0,1.0,1.0,1.0,1.0,1.0,1.0,1.0,1.0,1.0,1.0,1.0,1.0,deepseek-coder-7b-instruct-v1.5,1.5294117647058822,1.153294002308639,-0.6343024290950375,3.260405180881337,3.4607435840255394
ABC409,feedback,100,86,1.0,2.0,4.545700313450534,86,14,0,0,0,0,0,0.86,0.9816161616161616,0.9977489177489176,0.9997447226313204,0.9999734086074292,0.9999974808154408,0.999999785601314,0.9999999838624644,0.999999998947552,0.9999999999421731,0.99999999999743,0.9999999999999134,0.999999999999998,1.0,1.0,1.0,1.0,1.0,1.0,1.0,1.0,1.0,1.0,1.0,1.0,1.0,1.0,1.0,1.0,1.0,1.0,1.0,1.0,1.0,1.0,1.0,1.0,1.0,1.0,1.0,1.0,1.0,1.0,1.0,1.0,1.0,1.0,1.0,1.0,1.0,1.0,1.0,1.0,1.0,1.0,1.0,1.0,1.0,1.0,1.0,1.0,1.0,1.0,1.0,1.0,1.0,1.0,1.0,1.0,1.0,1.0,1.0,1.0,1.0,1.0,1.0,1.0,1.0,1.0,1.0,1.0,1.0,1.0,1.0,1.0,1.0,1.0,1.0,1.0,1.0,1.0,1.0,1.0,1.0,1.0,1.0,1.0,1.0,1.0,1.0,deepseek-coder-7b-instruct-v1.5,1.411764705882353,0.5065184158672487,-0.7395757133680949,1.9503343504283064,1.86803279834065
ABC410,feedback,100,80,1.0,2.0,4.511964018141256,80,20,0,0,0,0,0,0.8,0.9616161616161616,0.9929499072356216,0.998764416732016,0.999794069455336,0.9999674846508424,0.9999951572884234,0.9999993230618226,0.999999911703716,0.9999999893268228,0.9999999988140914,0.9999999998800768,0.9999999999890978,0.9999999999991228,0.9999999999999388,0.9999999999999964,0.9999999999999998,1.0,1.0,1.0,1.0,1.0,1.0,1.0,1.0,1.0,1.0,1.0,1.0,1.0,1.0,1.0,1.0,1.0,1.0,1.0,1.0,1.0,1.0,1.0,1.0,1.0,1.0,1.0,1.0,1.0,1.0,1.0,1.0,1.0,1.0,1.0,1.0,1.0,1.0,1.0,1.0,1.0,1.0,1.0,1.0,1.0,1.0,1.0,1.0,1.0,1.0,1.0,1.0,1.0,1.0,1.0,1.0,1.0,1.0,1.0,1.0,1.0,1.0,1.0,1.0,1.0,1.0,1.0,1.0,1.0,1.0,1.0,1.0,1.0,1.0,1.0,1.0,1.0,1.0,1.0,1.0,1.0,1.0,1.0,deepseek-coder-7b-instruct-v1.5,0.3529411764705882,0.5565289006955033,-0.7854251143980574,-1.0957613025984043,-1.0470435707134196
ABC411,feedback,100,100,1.0,1.0,4.605170185988092,100,0,0,0,0,0,0,1.0,1.0,1.0,1.0,1.0,1.0,1.0,1.0,1.0,1.0,1.0,1.0,1.0,1.0,1.0,1.0,1.0,1.0,1.0,1.0,1.0,1.0,1.0,1.0,1.0,1.0,1.0,1.0,1.0,1.0,1.0,1.0,1.0,1.0,1.0,1.0,1.0,1.0,1.0,1.0,1.0,1.0,1.0,1.0,1.0,1.0,1.0,1.0,1.0,1.0,1.0,1.0,1.0,1.0,1.0,1.0,1.0,1.0,1.0,1.0,1.0,1.0,1.0,1.0,1.0,1.0,1.0,1.0,1.0,1.0,1.0,1.0,1.0,1.0,1.0,1.0,1.0,1.0,1.0,1.0,1.0,1.0,1.0,1.0,1.0,1.0,1.0,1.0,1.0,1.0,1.0,1.0,1.0,1.0,1.0,1.0,1.0,1.0,1.0,1.0,deepseek-coder-7b-instruct-v1.5,0.1176470588235294,-1.6820704593296076,-0.7824049775470692,-0.7665299110785113,-0.6817022222140068
ABC412,feedback,100,100,1.0,1.0,4.605170185988092,100,0,0,0,0,0,0,1.0,1.0,1.0,1.0,1.0,1.0,1.0,1.0,1.0,1.0,1.0,1.0,1.0,1.0,1.0,1.0,1.0,1.0,1.0,1.0,1.0,1.0,1.0,1.0,1.0,1.0,1.0,1.0,1.0,1.0,1.0,1.0,1.0,1.0,1.0,1.0,1.0,1.0,1.0,1.0,1.0,1.0,1.0,1.0,1.0,1.0,1.0,1.0,1.0,1.0,1.0,1.0,1.0,1.0,1.0,1.0,1.0,1.0,1.0,1.0,1.0,1.0,1.0,1.0,1.0,1.0,1.0,1.0,1.0,1.0,1.0,1.0,1.0,1.0,1.0,1.0,1.0,1.0,1.0,1.0,1.0,1.0,1.0,1.0,1.0,1.0,1.0,1.0,1.0,1.0,1.0,1.0,1.0,1.0,1.0,1.0,1.0,1.0,1.0,1.0,deepseek-coder-7b-instruct-v1.5,0.3529411764705882,0.0532051987255584,-0.5617273146289044,-1.0435524668018674,-0.9564477909741926
ABC413,feedback,100,100,1.0,1.0,4.605170185988092,100,0,0,0,0,0,0,1.0,1.0,1.0,1.0,1.0,1.0,1.0,1.0,1.0,1.0,1.0,1.0,1.0,1.0,1.0,1.0,1.0,1.0,1.0,1.0,1.0,1.0,1.0,1.0,1.0,1.0,1.0,1.0,1.0,1.0,1.0,1.0,1.0,1.0,1.0,1.0,1.0,1.0,1.0,1.0,1.0,1.0,1.0,1.0,1.0,1.0,1.0,1.0,1.0,1.0,1.0,1.0,1.0,1.0,1.0,1.0,1.0,1.0,1.0,1.0,1.0,1.0,1.0,1.0,1.0,1.0,1.0,1.0,1.0,1.0,1.0,1.0,1.0,1.0,1.0,1.0,1.0,1.0,1.0,1.0,1.0,1.0,1.0,1.0,1.0,1.0,1.0,1.0,1.0,1.0,1.0,1.0,1.0,1.0,1.0,1.0,1.0,1.0,1.0,1.0,deepseek-coder-7b-instruct-v1.5,0.9411764705882352,0.4038878994230736,-0.0518637678201574,-0.4071424847182188,-0.3836975736758725
ABC414,feedback,100,9,8.0,22.0,2.7829751969025245,9,91,0,0,0,0,0,0.0899999999999999,0.1727272727272727,0.2487012987012986,0.3184094256259204,0.3823085419734904,0.4408266801023176,0.494364551156351,0.5432970139476719,0.5879744799745301,0.6287242566803458,0.6658518310123112,0.6996420952919651,0.7303605173643778,0.7582542569473731,0.7835532300575319,0.8064711233455578,0.8272063601299624,0.8459430198749062,0.8628517128154652,0.8780904113915247,0.8918052401099782,0.9041312254139048,0.9151930070969158,0.9251055127609126,0.9339745967760676,0.9418976451629396,0.9489641477782575,0.9552562391480616,0.960849209254554,0.9658119855462302,0.970207587404572,0.9740935542648452,0.9775223485533217,0.980541734568547,0.9831951344001088,0.9855219619447092,0.9875579360462344,0.9893353737539152,0.990883464660605,0.9922285272516632,0.9933942481639138,0.9944019052236556,0.9952705751027436,0.9960173264023104,0.9966573989447962,0.9972043700265568,0.997670308355464,0.998065916370574,0.9984006616141284,0.9986828977998704,0.9989199761958938,0.9991183479150152,0.99928365768095,0.999420829614385,0.9995341455593968,0.9996273164475172,0.9997035471741617,0.9997655954400348,0.9998158249885988,0.999856253649638,0.9998885965784694,0.9999143050603612,0.9999346012302756,0.9999505090391276,0.9999628817793456,0.9999724264646568,0.9999797253416594,0.999985254793934,0.99998940188314,0.9999924787557768,0.9999947351290438,0.999996369054513,0.9999975361441338,0.9999983574294226,0.9999989260115456,0.9999993126473892,0.9999995704046182,0.999999738507159,0.999999845481503,0.999999911703716,0.9999999514370438,0.9999999744405492,0.9999999872202748,0.9999999939860116,0.99999999736888,0.999999998947552,0.9999999996241258,0.9999999998843464,0.9999999999710866,0.999999999994743,0.9999999999994744,1.0,1.0,1.0,1.0,1.0,1.0,1.0,1.0,1.0,deepseek-coder-7b-instruct-v1.5,0.8235294117647058,0.7173773719414367,0.98678405612091,-1.1311274167066123,-1.0173256897676677
ABC415,feedback,100,100,1.0,1.0,4.605170185988092,100,0,0,0,0,0,0,1.0,1.0,1.0,1.0,1.0,1.0,1.0,1.0,1.0,1.0,1.0,1.0,1.0,1.0,1.0,1.0,1.0,1.0,1.0,1.0,1.0,1.0,1.0,1.0,1.0,1.0,1.0,1.0,1.0,1.0,1.0,1.0,1.0,1.0,1.0,1.0,1.0,1.0,1.0,1.0,1.0,1.0,1.0,1.0,1.0,1.0,1.0,1.0,1.0,1.0,1.0,1.0,1.0,1.0,1.0,1.0,1.0,1.0,1.0,1.0,1.0,1.0,1.0,1.0,1.0,1.0,1.0,1.0,1.0,1.0,1.0,1.0,1.0,1.0,1.0,1.0,1.0,1.0,1.0,1.0,1.0,1.0,1.0,1.0,1.0,1.0,1.0,1.0,1.0,1.0,1.0,1.0,1.0,1.0,1.0,1.0,1.0,1.0,1.0,1.0,deepseek-coder-7b-instruct-v1.5,0.9411764705882352,0.1114146152782703,0.7441222765400832,-0.5061580003884498,-0.6591333959959762
ABC416,feedback,100,100,1.0,1.0,4.605170185988092,100,0,0,0,0,0,0,1.0,1.0,1.0,1.0,1.0,1.0,1.0,1.0,1.0,1.0,1.0,1.0,1.0,1.0,1.0,1.0,1.0,1.0,1.0,1.0,1.0,1.0,1.0,1.0,1.0,1.0,1.0,1.0,1.0,1.0,1.0,1.0,1.0,1.0,1.0,1.0,1.0,1.0,1.0,1.0,1.0,1.0,1.0,1.0,1.0,1.0,1.0,1.0,1.0,1.0,1.0,1.0,1.0,1.0,1.0,1.0,1.0,1.0,1.0,1.0,1.0,1.0,1.0,1.0,1.0,1.0,1.0,1.0,1.0,1.0,1.0,1.0,1.0,1.0,1.0,1.0,1.0,1.0,1.0,1.0,1.0,1.0,1.0,1.0,1.0,1.0,1.0,1.0,1.0,1.0,1.0,1.0,1.0,1.0,1.0,1.0,1.0,1.0,1.0,1.0,deepseek-coder-7b-instruct-v1.5,1.6470588235294117,-0.3223679484641272,2.714054009170995,0.7575503274556538,0.6191545671898739
ABC417,feedback,100,97,1.0,1.0,4.594437922152698,97,3,0,0,0,0,0,0.97,0.9993939393939394,0.9999938157081014,1.0,1.0,1.0,1.0,1.0,1.0,1.0,1.0,1.0,1.0,1.0,1.0,1.0,1.0,1.0,1.0,1.0,1.0,1.0,1.0,1.0,1.0,1.0,1.0,1.0,1.0,1.0,1.0,1.0,1.0,1.0,1.0,1.0,1.0,1.0,1.0,1.0,1.0,1.0,1.0,1.0,1.0,1.0,1.0,1.0,1.0,1.0,1.0,1.0,1.0,1.0,1.0,1.0,1.0,1.0,1.0,1.0,1.0,1.0,1.0,1.0,1.0,1.0,1.0,1.0,1.0,1.0,1.0,1.0,1.0,1.0,1.0,1.0,1.0,1.0,1.0,1.0,1.0,1.0,1.0,1.0,1.0,1.0,1.0,1.0,1.0,1.0,1.0,1.0,1.0,1.0,1.0,1.0,1.0,1.0,1.0,1.0,deepseek-coder-7b-instruct-v1.5,1.1764705882352942,-2.307309396526112,2.7126202929318604,0.2464823675728879,0.2796360974052475
ABC418,feedback,100,99,1.0,1.0,4.601704450085292,99,1,0,0,0,0,0,0.99,1.0,1.0,1.0,1.0,1.0,1.0,1.0,1.0,1.0,1.0,1.0,1.0,1.0,1.0,1.0,1.0,1.0,1.0,1.0,1.0,1.0,1.0,1.0,1.0,1.0,1.0,1.0,1.0,1.0,1.0,1.0,1.0,1.0,1.0,1.0,1.0,1.0,1.0,1.0,1.0,1.0,1.0,1.0,1.0,1.0,1.0,1.0,1.0,1.0,1.0,1.0,1.0,1.0,1.0,1.0,1.0,1.0,1.0,1.0,1.0,1.0,1.0,1.0,1.0,1.0,1.0,1.0,1.0,1.0,1.0,1.0,1.0,1.0,1.0,1.0,1.0,1.0,1.0,1.0,1.0,1.0,1.0,1.0,1.0,1.0,1.0,1.0,1.0,1.0,1.0,1.0,1.0,1.0,1.0,1.0,1.0,1.0,1.0,1.0,deepseek-coder-7b-instruct-v1.5,1.3529411764705883,-1.6820704593296076,2.18229409666996,0.9220399729107336,0.2628358187951024
ABC419,feedback,100,100,1.0,1.0,4.605170185988092,100,0,0,0,0,0,0,1.0,1.0,1.0,1.0,1.0,1.0,1.0,1.0,1.0,1.0,1.0,1.0,1.0,1.0,1.0,1.0,1.0,1.0,1.0,1.0,1.0,1.0,1.0,1.0,1.0,1.0,1.0,1.0,1.0,1.0,1.0,1.0,1.0,1.0,1.0,1.0,1.0,1.0,1.0,1.0,1.0,1.0,1.0,1.0,1.0,1.0,1.0,1.0,1.0,1.0,1.0,1.0,1.0,1.0,1.0,1.0,1.0,1.0,1.0,1.0,1.0,1.0,1.0,1.0,1.0,1.0,1.0,1.0,1.0,1.0,1.0,1.0,1.0,1.0,1.0,1.0,1.0,1.0,1.0,1.0,1.0,1.0,1.0,1.0,1.0,1.0,1.0,1.0,1.0,1.0,1.0,1.0,1.0,1.0,1.0,1.0,1.0,1.0,1.0,1.0,deepseek-coder-7b-instruct-v1.5,1.5294117647058822,0.7016803417743909,1.3463372953719417,0.3182470078101129,0.3118561475057018
ABC420,feedback,100,91,1.0,1.0,4.569795012249748,91,8,0,1,0,0,0,0.91,0.9927272727272728,0.9994805194805196,0.999967867184362,0.9999983264158522,0.9999999295332992,0.9999999977510629,0.9999999999516358,0.9999999999994744,1.0,1.0,1.0,1.0,1.0,1.0,1.0,1.0,1.0,1.0,1.0,1.0,1.0,1.0,1.0,1.0,1.0,1.0,1.0,1.0,1.0,1.0,1.0,1.0,1.0,1.0,1.0,1.0,1.0,1.0,1.0,1.0,1.0,1.0,1.0,1.0,1.0,1.0,1.0,1.0,1.0,1.0,1.0,1.0,1.0,1.0,1.0,1.0,1.0,1.0,1.0,1.0,1.0,1.0,1.0,1.0,1.0,1.0,1.0,1.0,1.0,1.0,1.0,1.0,1.0,1.0,1.0,1.0,1.0,1.0,1.0,1.0,1.0,1.0,1.0,1.0,1.0,1.0,1.0,1.0,1.0,1.0,1.0,1.0,1.0,1.0,1.0,1.0,1.0,1.0,1.0,deepseek-coder-7b-instruct-v1.5,1.5294117647058822,1.2463901431980775,0.1827399303432538,0.0447178462501954,0.1881528488032692
ABC421,feedback,100,72,1.0,2.0,4.457496363748777,72,0,0,28,0,0,0,0.72,0.9236363636363636,0.9797402597402596,0.9947784174588298,0.9986946043647076,0.9996839568461924,0.9999260324533642,0.9999832976507596,0.999996369054513,0.9999992418905028,0.9999998483781004,0.9999999710385136,0.9999999947342753,0.9999999990921165,0.999999999852205,0.999999999977396,0.9999999999967708,0.999999999999572,0.9999999999999478,0.9999999999999942,0.9999999999999994,1.0,1.0,1.0,1.0,1.0,1.0,1.0,1.0,1.0,1.0,1.0,1.0,1.0,1.0,1.0,1.0,1.0,1.0,1.0,1.0,1.0,1.0,1.0,1.0,1.0,1.0,1.0,1.0,1.0,1.0,1.0,1.0,1.0,1.0,1.0,1.0,1.0,1.0,1.0,1.0,1.0,1.0,1.0,1.0,1.0,1.0,1.0,1.0,1.0,1.0,1.0,1.0,1.0,1.0,1.0,1.0,1.0,1.0,1.0,1.0,1.0,1.0,1.0,1.0,1.0,1.0,1.0,1.0,1.0,1.0,1.0,1.0,1.0,1.0,1.0,1.0,1.0,1.0,1.0,deepseek-coder-7b-instruct-v1.5,0.9411764705882352,0.0137528376121723,0.2956465382130743,-0.1926888993723169,-0.6276898811504297
