model,track,k,mean_pass,mean_ci_lo,mean_ci_hi,D_pass,D_ci_lo,D_ci_hi,n_problems
Llama-3.1-8B-Instruct,CoT,1,0.6300000000000001,0.5013166666666666,0.75635,0.6413921568627451,0.5132958554831517,0.7712310117302051,30
Llama-3.1-8B-Instruct,CoT,2,0.7416700336700335,0.6199050505050504,0.8604257575757575,0.7632141018023373,0.6472325201267559,0.8740271106861282,30
Llama-3.1-8B-Instruct,CoT,3,0.7933244691816121,0.6715934704184704,0.9092026489383631,0.8214338705179042,0.7085251358397863,0.918933388052541,30
Llama-3.1-8B-Instruct,CoT,4,0.8214479743787549,0.697670847545516,0.9331002577850884,0.8540683872424323,0.7431874004527735,0.9446543463648296,30
Llama-3.1-8B-Instruct,CoT,5,0.8380627816314487,0.7144467231864369,0.9470524708588267,0.8737483614189193,0.7636118804479278,0.9599282952872216,30
Llama-3.1-8B-Instruct,CoT,6,0.8484512560297962,0.7224442578985342,0.9542471064317306,0.8862183648381663,0.7807397058852726,0.9711725090561888,30
Llama-3.1-8B-Instruct,CoT,7,0.8552309073430685,0.727323469118366,0.9596976858021679,0.8944258163554814,0.788923561326851,0.978966187528079,30
Llama-3.1-8B-Instruct,CoT,8,0.8598119269241111,0.7311710452190333,0.9625495971769309,0.9000011391047059,0.7924409637732616,0.9836377050346214,30
Llama-3.1-8B-Instruct,CoT,9,0.8630033065214094,0.734274383568841,0.9646629735290683,0.9038960117819115,0.7949183883138905,0.9868678809708652,30
Llama-3.1-8B-Instruct,CoT,10,0.8652916539114416,0.7363722371520098,0.9662146465017056,0.906689089657568,0.7966791537274248,0.989418897008411,30
Llama-3.1-8B-Instruct,CoT,11,0.8669803430019234,0.7380109051393229,0.9675842705010912,0.9087437553713902,0.7992593753672784,0.9908472397038796,30
Llama-3.1-8B-Instruct,CoT,12,0.8682638055272333,0.7393671091740643,0.9686573106914571,0.9102943025661464,0.8013885657751108,0.9925204521145953,30
Llama-3.1-8B-Instruct,CoT,13,0.8692694145936702,0.740557239632873,0.9695265126522085,0.9114951943242827,0.8024826365780662,0.9940724223883507,30
Llama-3.1-8B-Instruct,CoT,14,0.8700821314425732,0.7416036902613695,0.9702559556996899,0.9124502491017035,0.8033029609374065,0.9947649647310275,30
Llama-3.1-8B-Instruct,CoT,15,0.8707595024779831,0.7425481664323155,0.9708759823105815,0.9132304451035396,0.8048723520975282,0.995215893597977,30
Llama-3.1-8B-Instruct,CoT,16,0.871341028718648,0.7434193206173922,0.9714184280561552,0.913885048330388,0.8061574752473157,0.9954774626254563,30
Llama-3.1-8B-Instruct,CoT,17,0.8718541458376561,0.744237173046785,0.9719051626945945,0.9144487151751953,0.8072230601251302,0.9956397964163605,30
Llama-3.1-8B-Instruct,CoT,18,0.8723181098605293,0.7450159322913316,0.9723514732511831,0.9149461118492774,0.8081196176013162,0.9956960989919665,30
Llama-3.1-8B-Instruct,CoT,19,0.8727465615700368,0.7457658235456495,0.9727682114768024,0.9153949715505854,0.8085992746568833,0.9959316958172355,30
Llama-3.1-8B-Instruct,CoT,20,0.8731492426742885,0.7464942934117237,0.9731631835027125,0.9158081511651152,0.8087259132150797,0.9960756926917367,30
Llama-3.1-8B-Instruct,CoT,21,0.8735331591213851,0.7472068178296504,0.9735420666903081,0.9161950365471629,0.8088450409500447,0.9961426349016338,30
Llama-3.1-8B-Instruct,CoT,22,0.873903379135743,0.7479074538800787,0.9739090263922554,0.9165625168279998,0.8090803396014384,0.9961918556096355,30
Llama-3.1-8B-Instruct,CoT,23,0.8742635868370049,0.7485992236867907,0.9742671388505915,0.9169156691393987,0.8106957627141864,0.9962281092673695,30
Llama-3.1-8B-Instruct,CoT,24,0.874616470339718,0.7492843863232136,0.974618686520927,0.9172582457941965,0.8116931994985802,0.9962547335346154,30
Llama-3.1-8B-Instruct,CoT,25,0.8749639964672913,0.7499646335884718,0.9749653678214607,0.9175930247374368,0.8121571470024637,0.9962742204311531,30
Llama-3.1-8B-Instruct,CoT,26,0.875307606930319,0.7506412330079291,0.9753084483536016,0.9179220640483101,0.8127441600681928,0.9962882880043034,30
Llama-3.1-8B-Instruct,CoT,27,0.8756483595304935,0.7513151335338084,0.9756488713234579,0.9182468882457774,0.8129882720439062,0.99629836526528,30
Llama-3.1-8B-Instruct,CoT,28,0.8759870304971417,0.7519870444030804,0.9759873390087438,0.9185686255610599,0.8133718531298373,0.9963056505527271,30
Llama-3.1-8B-Instruct,CoT,29,0.8763241890884619,0.7526574943677836,0.9763243733425392,0.9188881095954967,0.813759952540239,0.9963108931321045,30
Llama-3.1-8B-Instruct,CoT,30,0.8766602522336229,0.7533268763816862,0.9766603612246593,0.9192059548845779,0.8141976618919715,0.9963146473457352,30
Llama-3.1-8B-Instruct,CoT,31,0.8769955247037386,0.7539954813975605,0.9769955885360793,0.9195226132059101,0.8151563581081891,0.9963173219112333,30
Llama-3.1-8B-Instruct,CoT,32,0.8773302287227308,0.7546635239488075,0.9773302657228948,0.9198384155956257,0.816114980999018,0.9963192170183823,30
Llama-3.1-8B-Instruct,CoT,33,0.8776645258304796,0.7553311615011559,0.9776645470484556,0.9201536037119515,0.8168884565693613,0.9963205522188173,30
Llama-3.1-8B-Instruct,CoT,34,0.8779985330372554,0.7559985090666492,0.9779985450696916,0.9204683532342579,0.8168988640039616,0.9963214873572681,30
Llama-3.1-8B-Instruct,CoT,35,0.8783323347583298,0.7566656502110258,0.9783323415028494,0.9207827912967084,0.8169088900897031,0.9963221382424603,30
Llama-3.1-8B-Instruct,CoT,36,0.8786659916226579,0.7573326453168636,0.9786659953575716,0.921097009450567,0.816918646881492,0.9963225883444641,30
Llama-3.1-8B-Instruct,CoT,37,0.8789995469633337,0.7579995377621918,0.9789995490055937,0.921411073275888,0.8170427773795701,0.9963228974954043,30
Llama-3.1-8B-Instruct,CoT,38,0.879333031588491,0.7586663585198818,0.9793330326905244,0.9217250294852248,0.8177388573149745,0.9963231083355971,30
Llama-3.1-8B-Instruct,CoT,39,0.8796664672776235,0.7593331295647594,0.9796664678641205,0.9220389111536896,0.8184408244606008,0.9963232510684482,30
Llama-3.1-8B-Instruct,CoT,40,0.8799998693345719,0.7599998663842221,0.9799998696422089,0.9223527415529238,0.8191530935373142,0.9963233469511427,30
Llama-3.1-8B-Instruct,CoT,41,0.8803332484439357,0.7606665798178835,0.9803332486028655,0.9226665369482163,0.8198653624895196,0.9963234108441081,30
Llama-3.1-8B-Instruct,CoT,42,0.8806666120146478,0.7613332773975571,0.9806666120954523,0.9229803086285372,0.8213246711404514,0.9963234530628235,30
Llama-3.1-8B-Instruct,CoT,43,0.8809999651473529,0.7619999643171894,0.9809999651877518,0.9232940643715546,0.8228840202536373,0.9963234807150219,30
Llama-3.1-8B-Instruct,CoT,44,0.8813333113269909,0.7626666441303285,0.9813333113468343,0.9236078094945124,0.8232536827866779,0.9963234986603088,30
Llama-3.1-8B-Instruct,CoT,45,0.8816666529156164,0.7633333192482054,0.9816666529251832,0.9239215476031891,0.82355007158743,0.9963235101942948,30
Llama-3.1-8B-Instruct,CoT,46,0.8819999915007752,0.7639999912928697,0.9819999915052974,0.9242352811220256,0.8237795644637453,0.996323517532949,30
Llama-3.1-8B-Instruct,CoT,47,0.882333328140046,0.7646666613456613,0.9823333281421394,0.9245490116666462,0.8241389754991092,0.9963235221530058,30
Llama-3.1-8B-Instruct,CoT,48,0.8826666635314182,0.7653333301206595,0.9826666635323661,0.9248627403036225,0.8246889751535921,0.9963235250293618,30
Llama-3.1-8B-Instruct,CoT,49,0.8829999981310573,0.765999998084756,0.9829999981314768,0.9251764677301485,0.8251021588883176,0.9963235267992909,30
Llama-3.1-8B-Instruct,CoT,50,0.8833333322340219,0.7666666644682145,0.9833333322342026,0.9254901943972592,0.8256736722848029,0.9963235278750662,30
Llama-3.1-8B-Instruct,CoT,51,0.8836666660290953,0.7666666660130063,0.9836666660291712,0.925803920593572,0.826749795614876,0.9963235285205019,30
Llama-3.1-8B-Instruct,CoT,52,0.8839999996356859,0.7666666662931837,0.9839999996357169,0.9261176465016592,0.8274451505016162,0.9963235289024811,30
Llama-3.1-8B-Instruct,CoT,53,0.8843333331284119,0.7666666664565981,0.9843333331284242,0.926431372235619,0.8281405053883095,0.9963235291252966,30
Llama-3.1-8B-Instruct,CoT,54,0.8846666665533078,0.7666666665504648,0.9846666665533127,0.9267450978658469,0.828835860274982,0.9963235292532947,30
Llama-3.1-8B-Instruct,CoT,55,0.8849999999383928,0.7666666666035159,0.9849999999383946,0.9270588234351905,0.8293815986949371,0.9963235293256403,30
Llama-3.1-8B-Instruct,CoT,56,0.8853333333004765,0.7666666666329871,0.9853333333004772,0.9273725489693568,0.8297264238504004,0.9963235293658319,30
Llama-3.1-8B-Instruct,CoT,57,0.8856666666494916,0.7666666666490619,0.9856666666494918,0.9276862744835365,0.8300813632688242,0.9963235293877544,30
Llama-3.1-8B-Instruct,CoT,58,0.8859999999912128,0.7666666666576596,0.9859999999912129,0.927999999986561,0.8310552379294261,0.9963235293994804,30
Llama-3.1-8B-Instruct,CoT,59,0.8863333333289398,0.7666666666621632,0.9863333333289398,0.9283137254834767,0.8321473275313134,0.9963235294056225,30
Llama-3.1-8B-Instruct,CoT,60,0.8866666666645234,0.7666666666645234,0.9866666666645235,0.9286274509771144,0.8330308403282091,0.9963235294087686,30
Llama-3.1-8B-Instruct,CoT,61,0.886999999998982,0.7666666666656486,0.986999999998982,0.9289411764690314,0.8337351315665377,0.9963235294103415,30
Llama-3.1-8B-Instruct,CoT,62,0.8873333333328635,0.7666666666661968,0.9873333333328635,0.929254901960066,0.8346157502593607,0.9963235294111078,30
Llama-3.1-8B-Instruct,CoT,63,0.8876666666664564,0.7666666666664564,0.9876666666664564,0.9295686274506589,0.8351878377069817,0.9963235294114708,30
Llama-3.1-8B-Instruct,CoT,64,0.8879999999999091,0.7666666666665757,0.9879999999999091,0.9298823529410376,0.8358101675220295,0.9963235294116376,30
Llama-3.1-8B-Instruct,CoT,65,0.8883333333332953,0.7666666666666287,0.9883333333332954,0.9301960784313148,0.8364884283915949,0.9963235294117117,30
Llama-3.1-8B-Instruct,CoT,66,0.8886666666666515,0.7666666666666515,0.9886666666666515,0.9305098039215456,0.8371801189149015,0.9963235294117435,30
Llama-3.1-8B-Instruct,CoT,67,0.8889999999999942,0.7666666666666667,0.9889999999999942,0.930823529411756,0.837891858317945,0.9963235294117566,30
Llama-3.1-8B-Instruct,CoT,68,0.8893333333333312,0.7666666666666667,0.9893333333333312,0.9311372549019576,0.838610005036089,0.9963235294117617,30
Llama-3.1-8B-Instruct,CoT,69,0.889666666666666,0.7666666666666667,0.989666666666666,0.9314509803921558,0.8393011205737336,0.9963235294117636,30
Llama-3.1-8B-Instruct,CoT,70,0.8899999999999998,0.7666666666666667,0.9899999999999998,0.9317647058823527,0.8399827213822895,0.9963235294117643,30
Llama-3.1-8B-Instruct,CoT,71,0.8903333333333333,0.7666666666666667,0.9903333333333334,0.932078431372549,0.840345336406701,0.9963235294117646,30
Llama-3.1-8B-Instruct,CoT,72,0.8906666666666666,0.7666666666666667,0.9906666666666666,0.9323921568627453,0.8413561355427701,0.9963235294117646,30
Llama-3.1-8B-Instruct,CoT,73,0.891,0.7666666666666667,0.991,0.9327058823529414,0.8420677722994171,0.9963235294117647,30
Llama-3.1-8B-Instruct,CoT,74,0.8913333333333334,0.7666666666666667,0.9913333333333334,0.9330196078431374,0.8427707754370236,0.9963235294117647,30
Llama-3.1-8B-Instruct,CoT,75,0.8916666666666667,0.7666666666666667,0.9916666666666667,0.9333333333333336,0.8434737785746302,0.9963235294117647,30
Llama-3.1-8B-Instruct,CoT,76,0.892,0.7666666666666667,0.9919999999999999,0.9336470588235296,0.844285791125056,0.9963235294117647,30
Llama-3.1-8B-Instruct,CoT,77,0.8923333333333333,0.7666666666666667,0.9923333333333333,0.9339607843137258,0.8452681308830121,0.9963235294117647,30
Llama-3.1-8B-Instruct,CoT,78,0.8926666666666667,0.7666666666666667,0.9926666666666667,0.9342745098039218,0.8455581624282198,0.9963235294117647,30
Llama-3.1-8B-Instruct,CoT,79,0.893,0.7666666666666667,0.993,0.9345882352941178,0.8462364232977849,0.9963235294117647,30
Llama-3.1-8B-Instruct,CoT,80,0.8933333333333333,0.7666666666666667,0.9933333333333334,0.934901960784314,0.8469150873281309,0.9963235294117647,30
Llama-3.1-8B-Instruct,CoT,81,0.8936666666666666,0.7682916666666667,0.9936666666666667,0.93521568627451,0.84761044221479,0.9963235294117647,30
Llama-3.1-8B-Instruct,CoT,82,0.894,0.7699166666666667,0.994,0.9355294117647062,0.8483057971014493,0.9963235294117647,30
Llama-3.1-8B-Instruct,CoT,83,0.8943333333333334,0.7715416666666666,0.9943333333333333,0.9358431372549022,0.8490011519881085,0.9963235294117647,30
Llama-3.1-8B-Instruct,CoT,84,0.8946666666666666,0.7731666666666668,0.9946666666666667,0.9361568627450982,0.8496965068747676,0.9963235294117647,30
Llama-3.1-8B-Instruct,CoT,85,0.895,0.7747916666666667,0.995,0.9364705882352944,0.8498690643366099,0.9963235294117647,30
Llama-3.1-8B-Instruct,CoT,86,0.8953333333333333,0.7764166666666668,0.9953333333333333,0.9367843137254903,0.849886158353704,0.9963242359647442,30
Llama-3.1-8B-Instruct,CoT,87,0.8956666666666667,0.7780416666666667,0.9956666666666667,0.9370980392156865,0.8500807978363759,0.9964163460983079,30
Llama-3.1-8B-Instruct,CoT,88,0.896,0.7796666666666666,0.996,0.9374117647058825,0.8506678967230821,0.9966142021720971,30
Llama-3.1-8B-Instruct,CoT,89,0.8963333333333333,0.7812916666666667,0.9963333333333334,0.9377254901960785,0.8506678967230821,0.9967867990153805,30
Llama-3.1-8B-Instruct,CoT,90,0.8966666666666666,0.7829166666666667,0.9966666666666666,0.9380392156862747,0.8506751850717504,0.9969688002399723,30
Llama-3.1-8B-Instruct,CoT,91,0.897,0.7845416666666667,0.997,0.9383529411764707,0.8510922856267785,0.9972719202159751,30
Llama-3.1-8B-Instruct,CoT,92,0.8973333333333334,0.7861666666666668,0.9973333333333334,0.9386666666666669,0.8519725274725275,0.9975750401919778,30
Llama-3.1-8B-Instruct,CoT,93,0.8976666666666666,0.7877916666666667,0.9976666666666667,0.9389803921568629,0.8519989010989011,0.9978781601679806,30
Llama-3.1-8B-Instruct,CoT,94,0.898,0.7894166666666667,0.9979999999999999,0.939294117647059,0.8525749003984063,0.9981812801439834,30
Llama-3.1-8B-Instruct,CoT,95,0.8983333333333333,0.7910416666666666,0.9983333333333333,0.9396078431372551,0.8525749003984063,0.9984844001199862,30
Llama-3.1-8B-Instruct,CoT,96,0.8986666666666667,0.7926666666666667,0.9986666666666667,0.9399215686274511,0.8525749003984063,0.9987875200959891,30
Llama-3.1-8B-Instruct,CoT,97,0.8989999999999999,0.7942916666666666,0.999,0.9402352941176473,0.8525749003984063,0.9990906400719918,30
Llama-3.1-8B-Instruct,CoT,98,0.8993333333333333,0.7959166666666667,0.9993333333333333,0.9405490196078433,0.8525749003984063,0.9993937600479945,30
Llama-3.1-8B-Instruct,CoT,99,0.8996666666666666,0.7975416666666668,0.9996666666666667,0.9408627450980394,0.8525749003984063,0.9996968800239973,30
Llama-3.1-8B-Instruct,CoT,100,0.9,0.7991666666666668,1.0,0.9411764705882355,0.8525749003984063,1.0,30
deepseek-coder-7b-instruct-v1.5,CoT,1,0.6920000000000001,0.5679833333333333,0.8056833333333335,0.6924705882352942,0.5597914005474453,0.8104099776567518,30
deepseek-coder-7b-instruct-v1.5,CoT,2,0.7774410774410775,0.6491434343434344,0.8934109427609429,0.7900629827688652,0.6578639431993859,0.8990245088225246,30
deepseek-coder-7b-instruct-v1.5,CoT,3,0.8116905792620078,0.6825409863945578,0.9252734075448361,0.8279957801302339,0.7030756117140824,0.9325814494606631,30
deepseek-coder-7b-instruct-v1.5,CoT,4,0.8300744962777363,0.703202419524511,0.9416643876169649,0.8479479359378866,0.7242045154411122,0.9476348290574105,30
deepseek-coder-7b-instruct-v1.5,CoT,5,0.8420135555003009,0.7125083664928796,0.9515244508319574,0.8607595588740546,0.738599067874496,0.9575052904247656,30
deepseek-coder-7b-instruct-v1.5,CoT,6,0.8506513717573713,0.7230506295374822,0.9571672564407964,0.8699043647778586,0.7494055153888507,0.9638392945446855,30
deepseek-coder-7b-instruct-v1.5,CoT,7,0.8572819653468586,0.7313513991259785,0.9602350932921334,0.8767803811235472,0.7557127762483633,0.9698779450355646,30
deepseek-coder-7b-instruct-v1.5,CoT,8,0.8625555000165677,0.7366911805443902,0.9624749729153527,0.8821002201237235,0.7633931275960026,0.9732381566623021,30
deepseek-coder-7b-instruct-v1.5,CoT,9,0.8668540033751371,0.7423873384813755,0.9644751247240179,0.886297244418777,0.7673356415884047,0.974326848469978,30
deepseek-coder-7b-instruct-v1.5,CoT,10,0.8704265151319227,0.7459832617405282,0.9657707272670191,0.8896630023394253,0.7694942251455066,0.9762208322643067,30
deepseek-coder-7b-instruct-v1.5,CoT,11,0.8734460916295986,0.7491826632447643,0.9673853708265927,0.8924040143652495,0.7731165312120926,0.9772227798280222,30
deepseek-coder-7b-instruct-v1.5,CoT,12,0.8760378704104608,0.7520639527891048,0.9686519428545802,0.8946706122567388,0.7763636862680798,0.9798174037802415,30
deepseek-coder-7b-instruct-v1.5,CoT,13,0.8782947438108071,0.7546893728057017,0.9712504401184513,0.8965740288920332,0.7773824475369338,0.9818758158607711,30
deepseek-coder-7b-instruct-v1.5,CoT,14,0.8802869455264996,0.75712993202361,0.9734749978721255,0.8981974986257978,0.7782184166472834,0.9836083348780263,30
deepseek-coder-7b-instruct-v1.5,CoT,15,0.8820682952506514,0.7594186139055225,0.975370480625573,0.8996038403971003,0.7789163899791043,0.9850082168960665,30
deepseek-coder-7b-instruct-v1.5,CoT,16,0.8836804524163178,0.7615737745061021,0.9770040612539106,0.9008407925694519,0.779510026378236,0.9861737284263222,30
deepseek-coder-7b-instruct-v1.5,CoT,17,0.8851559120522541,0.7636203517301596,0.9784278334414183,0.9019448397085278,0.7802967086660335,0.987188377608495,30
deepseek-coder-7b-instruct-v1.5,CoT,18,0.8865201702225772,0.7655782160041452,0.9796825001138991,0.902943997639012,0.7816294558156479,0.9879943390430627,30
deepseek-coder-7b-instruct-v1.5,CoT,19,0.887793322029381,0.7662298993114919,0.9808000552818666,0.9038598641715889,0.7829503279507666,0.9888929708057297,30
deepseek-coder-7b-instruct-v1.5,CoT,20,0.8889912608064788,0.769177140002467,0.9818057671830994,0.9047091440509101,0.7837429445296485,0.9895354300501804,30
deepseek-coder-7b-instruct-v1.5,CoT,21,0.8901265903606718,0.7713506993837848,0.9827196666245394,0.9055047925834209,0.7849017861598968,0.9899464538848424,30
deepseek-coder-7b-instruct-v1.5,CoT,22,0.8912093266282847,0.7729741640964283,0.983557678388293,0.9062568796613771,0.7860324604547716,0.9904590103247835,30
deepseek-coder-7b-instruct-v1.5,CoT,23,0.8922474422036805,0.774580381143678,0.9843324908025282,0.9069732467887524,0.7871139070958669,0.9909306235597846,30
deepseek-coder-7b-instruct-v1.5,CoT,24,0.8932472919807288,0.7761699905104057,0.9850542303361671,0.9076600095480368,0.7885757956396625,0.9913633122808576,30
deepseek-coder-7b-instruct-v1.5,CoT,25,0.8942139477842034,0.777743493691401,0.9857309890584742,0.9083219437745588,0.790216729248217,0.9917645640597614,30
deepseek-coder-7b-instruct-v1.5,CoT,26,0.8951514626471763,0.7793012981573786,0.9863692397549092,0.9089627836218532,0.7918142690522064,0.9921402678600844,30
deepseek-coder-7b-instruct-v1.5,CoT,27,0.8960630802571268,0.7808437475643927,0.9869741643758131,0.9095854524505914,0.7930459089456846,0.9924943353469712,30
deepseek-coder-7b-instruct-v1.5,CoT,28,0.8969514013785888,0.782371142236831,0.9875499150227415,0.9101922422094032,0.7942677473172567,0.99282983663098,30
deepseek-coder-7b-instruct-v1.5,CoT,29,0.8978185163292516,0.7839843428687461,0.9880998220123962,0.9107849531211069,0.795735436600231,0.9931491858837903,30
deepseek-coder-7b-instruct-v1.5,CoT,30,0.8986661105508275,0.7861441617594809,0.9886265601487588,0.9113650026423805,0.797190531680362,0.9934542854251451,30
deepseek-coder-7b-instruct-v1.5,CoT,31,0.8994955487798684,0.7872962425382168,0.9891322818100386,0.9119335105483782,0.7986270119824418,0.9937466379451427,30
deepseek-coder-7b-instruct-v1.5,CoT,32,0.9003079421516585,0.7879998713137554,0.9896187235658404,0.9124913654078083,0.8000454671998545,0.9940274341361136,30
deepseek-coder-7b-instruct-v1.5,CoT,33,0.9011042016671555,0.7886665759788359,0.9900872916065897,0.9130392765169539,0.8013192260820637,0.9942976212506778,30
deepseek-coder-7b-instruct-v1.5,CoT,34,0.9018850807507837,0.7893332698012253,0.9905391301690977,0.9135778144512758,0.8016450003705582,0.9945579568002137,30
deepseek-coder-7b-instruct-v1.5,CoT,35,0.9026512090766363,0.7899999557675187,0.990975176292128,0.9141074426969742,0.8025175892056204,0.9948090506353516,30
deepseek-coder-7b-instruct-v1.5,CoT,36,0.9034031194064045,0.7906666360704627,0.9913962035716104,0.9146285422886774,0.8032076516268185,0.9950513979177703,30
deepseek-coder-7b-instruct-v1.5,CoT,37,0.9041412688376054,0.7913333123128136,0.991802857061605,0.9151414309639873,0.8037688499336894,0.9952854049366165,30
deepseek-coder-7b-instruct-v1.5,CoT,38,0.9048660555855629,0.7919999856604154,0.9921956810512228,0.9156463780220737,0.804335182725434,0.9955114092973695,30
deepseek-coder-7b-instruct-v1.5,CoT,39,0.9055778322021538,0.792666211017909,0.9925751411151646,0.9161436158203652,0.8050222005159411,0.9957296956827919,30
deepseek-coder-7b-instruct-v1.5,CoT,40,0.9062769159571101,0.7933330238536467,0.9929416415681331,0.9166333486445722,0.8062374185670126,0.9959405081307214,30
deepseek-coder-7b-instruct-v1.5,CoT,41,0.9069635969648826,0.7942557092692157,0.9932955392374176,0.9171157595307035,0.8074220230353174,0.9961440595742278,30
deepseek-coder-7b-instruct-v1.5,CoT,42,0.9076381445248519,0.795912237987117,0.9936371542929681,0.9175910154941258,0.808090310424094,0.9963405392331457,30
deepseek-coder-7b-instruct-v1.5,CoT,43,0.9083008120496224,0.7975457460869204,0.9939667787321781,0.9180592715230662,0.8090372665277044,0.9965301183224946,30
deepseek-coder-7b-instruct-v1.5,CoT,44,0.9089518408810121,0.7991566639241868,0.9942846830010571,0.9185206736167143,0.8095854191617812,0.996712954445555,30
deepseek-coder-7b-instruct-v1.5,CoT,45,0.9095914632327101,0.7999163024954037,0.9945911211394924,0.91897536108707,0.8101335571833828,0.9968891949618569,30
deepseek-coder-7b-instruct-v1.5,CoT,46,0.9102199044497065,0.7999330833968934,0.9948863347618868,0.9194234682954684,0.8106816853272686,0.997058979558775,30
deepseek-coder-7b-instruct-v1.5,CoT,47,0.9108373847352643,0.7999498298310258,0.9951705561223885,0.9198651259567194,0.8112965276933098,0.9972224422065515,30
deepseek-coder-7b-instruct-v1.5,CoT,48,0.9114441204646261,0.7999665517752318,0.9954440104636009,0.9203004621139085,0.8119320803554855,0.9973797126377514,30
deepseek-coder-7b-instruct-v1.5,CoT,49,0.9120403251793416,0.7999832564435442,0.9957069178069333,0.9207296028634249,0.8125676203613995,0.9975309174614043,30
deepseek-coder-7b-instruct-v1.5,CoT,50,0.9126262103359005,0.7999999999266177,0.9959594943098835,0.92115267289144,0.8132031516141862,0.9976761809977408,30
deepseek-coder-7b-instruct-v1.5,CoT,51,0.9132019858662558,0.8006666666227005,0.9962019532890986,0.9215697958687213,0.8138386768590478,0.9978156259002122,30
deepseek-coder-7b-instruct-v1.5,CoT,52,0.9137678605950593,0.8013333333073127,0.9964345059868533,0.9219810947395516,0.8144741980130313,0.9979493736163613,30
deepseek-coder-7b-instruct-v1.5,CoT,53,0.9143240425483278,0.8026409280881037,0.9966573621416416,0.9223866919319036,0.8151097164048379,0.9980775447272433,30
deepseek-coder-7b-instruct-v1.5,CoT,54,0.9148707391803138,0.8048156288165049,0.9968707304100893,0.9227867095093826,0.815376213360305,0.9982002591958158,30
deepseek-coder-7b-instruct-v1.5,CoT,55,0.9154081575391146,0.8065501698758178,0.9970748186767271,0.9231812692803527,0.8155892933757757,0.9983176365474937,30
deepseek-coder-7b-instruct-v1.5,CoT,56,0.915936504386687,0.807652380845598,0.9972698342797199,0.9235704928757749,0.8161214572787534,0.9984297960004666,30
deepseek-coder-7b-instruct-v1.5,CoT,57,0.9164559862851566,0.8087200215867764,0.9974559841740633,0.923954501804324,0.8166536211143648,0.9985368565590507,30
deepseek-coder-7b-instruct-v1.5,CoT,58,0.9169668096583828,0.8097538960727417,0.9976334750485744,0.9243334174911206,0.8171857849101214,0.998638937080027,30
deepseek-coder-7b-instruct-v1.5,CoT,59,0.9174691808354948,0.8107548082706323,0.9978025134090216,0.924707361304723,0.8177179486826456,0.9987361563193886,30
deepseek-coder-7b-instruct-v1.5,CoT,60,0.9179633060813974,0.8117235621437751,0.9979633056366326,0.9250764545757789,0.8182578836838192,0.9988286329649809,30
deepseek-coder-7b-instruct-v1.5,CoT,61,0.918449391617937,0.8126609616532109,0.998116058028864,0.9254408186097959,0.8188092697012327,0.9989164856590786,30
deepseek-coder-7b-instruct-v1.5,CoT,62,0.9189276436384349,0.8135678107586319,0.9982609768275047,0.9258005746957962,0.8193900829864963,0.9989998330138387,30
deepseek-coder-7b-instruct-v1.5,CoT,63,0.9193982683175546,0.814444913418949,0.9983982682378301,0.9261558441121243,0.8203415219573182,0.9990787936217641,30
deepseek-coder-7b-instruct-v1.5,CoT,64,0.9198614718179231,0.8152930735926305,0.9985281384414953,0.9265067481302973,0.8211236725069543,0.9991534860627026,30
deepseek-coder-7b-instruct-v1.5,CoT,65,0.9203174602945141,0.8161130952378983,0.9986507936051031,0.9268534080175288,0.8214054906300534,0.9992240289084735,30
deepseek-coder-7b-instruct-v1.5,CoT,66,0.9207664398975134,0.8169057823128408,0.9987664398858164,0.9271959450383598,0.8216873087481311,0.9992905407258801,30
deepseek-coder-7b-instruct-v1.5,CoT,67,0.9212086167741611,0.8176719387754754,0.9988752834349792,0.9275344804556996,0.8221397591882779,0.9993531400786457,30
deepseek-coder-7b-instruct-v1.5,CoT,68,0.9216441970699188,0.8184123685837834,0.9989775304004166,0.9278691355314787,0.8226787991589386,0.9994119455286371,30
deepseek-coder-7b-instruct-v1.5,CoT,69,0.9220733869291953,0.8191278756957276,0.9990733869278662,0.9282000315270511,0.8232178391295599,0.9994670756366224,30
deepseek-coder-7b-instruct-v1.5,CoT,70,0.9224963924957904,0.8198192640692623,0.9991630591618567,0.9285272897034398,0.8237568791001627,0.9995186489627363,30
deepseek-coder-7b-instruct-v1.5,CoT,71,0.9229134199131592,0.8204873376623371,0.9992467532462324,0.928851031321481,0.8243013875848452,0.9995667840667541,30
deepseek-coder-7b-instruct-v1.5,CoT,72,0.9233246753245675,0.8211329004329003,0.9993246753244598,0.9291713776419087,0.8248579126804687,0.999611599508255,30
deepseek-coder-7b-instruct-v1.5,CoT,73,0.9237303648731796,0.8217567563388991,0.9993970315398041,0.9294884499254025,0.8254143460311021,0.9996532138467121,30
deepseek-coder-7b-instruct-v1.5,CoT,74,0.9241306947021075,0.8223597093382807,0.9994640280354253,0.9298023694326133,0.8261902836869539,0.9996917456415446,30
deepseek-coder-7b-instruct-v1.5,CoT,75,0.924525870954437,0.8229425633889921,0.9995258709544316,0.930113257424179,0.8271436850733305,0.9997273134521444,30
deepseek-coder-7b-instruct-v1.5,CoT,76,0.924916099773241,0.8235061224489797,0.9995827664399058,0.9304212351607303,0.8280939059667308,0.9997600358378903,30
deepseek-coder-7b-instruct-v1.5,CoT,77,0.9253015873015868,0.8240511904761905,0.9996349206349197,0.9307264239028944,0.8282327448767998,0.9997900313581549,30
deepseek-coder-7b-instruct-v1.5,CoT,78,0.9256825396825396,0.8245785714285715,0.9996825396825394,0.9310289449112978,0.8283018824174202,0.9998174185723091,30
deepseek-coder-7b-instruct-v1.5,CoT,79,0.926059163059163,0.8250890692640692,0.9997258297258297,0.9313289194465665,0.8286855473223684,0.9998423160397216,30
deepseek-coder-7b-instruct-v1.5,CoT,80,0.9264316635745208,0.8255834879406309,0.999764996907854,0.931626468769326,0.8292203468823861,0.9998648423197614,30
deepseek-coder-7b-instruct-v1.5,CoT,81,0.926800247371676,0.8260626314162031,0.9998002473716759,0.9319217141402016,0.829772434723748,0.9998851159717972,30
deepseek-coder-7b-instruct-v1.5,CoT,82,0.927165120593692,0.8265273036487322,0.9998317872603587,0.932214776819819,0.8303245225651096,0.9999032555551977,30
deepseek-coder-7b-instruct-v1.5,CoT,83,0.9275264893836322,0.8269783085961657,0.9998598227169656,0.9325057780688034,0.8308766104064714,0.9999193796293314,30
deepseek-coder-7b-instruct-v1.5,CoT,84,0.92788455988456,0.82741645021645,0.9998845598845598,0.9327948391477804,0.8316451575914274,0.999933606753567,30
deepseek-coder-7b-instruct-v1.5,CoT,85,0.9282395382395382,0.8278425324675325,0.999906204906205,0.9330820813173756,0.8324358426637962,0.9999460554872732,30
deepseek-coder-7b-instruct-v1.5,CoT,86,0.9285916305916306,0.8282573593073593,0.999924963924964,0.9333676258382143,0.8332265277361651,0.9999568443898185,30
deepseek-coder-7b-instruct-v1.5,CoT,87,0.9289410430839004,0.8286617346938776,0.9999410430839002,0.9336515939709218,0.8340172128085339,0.9999660920205717,30
deepseek-coder-7b-instruct-v1.5,CoT,88,0.9292879818594104,0.8290564625850342,0.9999546485260772,0.933934106976124,0.8345990492260515,0.9999739169389013,30
deepseek-coder-7b-instruct-v1.5,CoT,89,0.9296326530612246,0.8294423469387755,0.9999659863945579,0.9342152861144458,0.834882457296073,0.999980437704176,30
deepseek-coder-7b-instruct-v1.5,CoT,90,0.9299752628324057,0.8298201917130489,0.9999752628324057,0.9344952526465133,0.8351658653660943,0.9999857728757643,30
deepseek-coder-7b-instruct-v1.5,CoT,91,0.9303160173160172,0.830190800865801,0.9999826839826841,0.9347741278329516,0.8354492734361156,0.9999900410130349,30
deepseek-coder-7b-instruct-v1.5,CoT,92,0.9306551226551226,0.8305549783549783,0.999988455988456,0.9350520329343861,0.8356644023978695,0.9999933606753567,30
deepseek-coder-7b-instruct-v1.5,CoT,93,0.930992784992785,0.830913528138528,0.999992784992785,0.9353290892114423,0.8356670050056825,0.9999958504220978,30
deepseek-coder-7b-instruct-v1.5,CoT,94,0.9313292104720676,0.831267254174397,0.9999958771387344,0.9356054179247458,0.8356688640112633,0.9999976288126273,30
deepseek-coder-7b-instruct-v1.5,CoT,95,0.9316646052360338,0.8316169604205319,0.9999979385693671,0.935881140334922,0.8361361475376171,0.9999988144063137,30
deepseek-coder-7b-instruct-v1.5,CoT,96,0.9319991754277469,0.8319634508348793,0.999999175427747,0.9361563777025964,0.8366732226720266,0.9999995257625256,30
deepseek-coder-7b-instruct-v1.5,CoT,97,0.9323331271902701,0.8323075293753865,0.9999997938569367,0.9364312512883943,0.8370785393620724,0.9999998814406313,30
deepseek-coder-7b-instruct-v1.5,CoT,98,0.9326666666666666,0.83265,1.0,0.9367058823529414,0.8373483053062648,1.0,30
deepseek-coder-7b-instruct-v1.5,CoT,99,0.933,0.8329916666666667,1.0,0.936980392156863,0.8376180681521146,1.0,30
deepseek-coder-7b-instruct-v1.5,CoT,100,0.9333333333333333,0.8333333333333334,1.0,0.9372549019607845,0.8378878309979645,1.0,30
Llama-3.1-8B-Instruct,baseline,1,0.6273333333333332,0.4976416666666667,0.7610416666666666,0.6135882352941177,0.4816959177971327,0.7564397826086957,30
Llama-3.1-8B-Instruct,baseline,2,0.7333670033670032,0.6075511784511785,0.8692028619528619,0.7307466825113883,0.6036060624227891,0.8636539932561469,30
Llama-3.1-8B-Instruct,baseline,3,0.7780127808699239,0.6501681354359927,0.9098451762523192,0.7833093479816169,0.6594080561989442,0.9096903847581393,30
Llama-3.1-8B-Instruct,baseline,4,0.8017161643789037,0.6764700612266149,0.9319376279096455,0.8120759041511014,0.6889180619472662,0.9331398933432276,30
Llama-3.1-8B-Instruct,baseline,5,0.8163606593319405,0.6856234133271135,0.9455172943780501,0.8298513394736216,0.7067184752424586,0.9449125598978808,30
Llama-3.1-8B-Instruct,baseline,6,0.8263156501900979,0.6976780702893877,0.9521913789912535,0.8417137591253802,0.7149386742992673,0.9547291714175842,30
Llama-3.1-8B-Instruct,baseline,7,0.8334904138528505,0.7042661141428139,0.9569497993501815,0.8500290410739444,0.7210817575473913,0.9587233696670558,30
Llama-3.1-8B-Instruct,baseline,8,0.8388610238292826,0.7082240205025211,0.9598393557387719,0.856058165978847,0.7271289834825707,0.9625230891396347,30
Llama-3.1-8B-Instruct,baseline,9,0.8429926043239466,0.711426753367226,0.9618902759647139,0.8605442039159935,0.7305524247447723,0.9650484076297231,30
Llama-3.1-8B-Instruct,baseline,10,0.84624213326662,0.7140651305446827,0.963442057867031,0.8639563176333861,0.7335580851876121,0.9672019948279599,30
Llama-3.1-8B-Instruct,baseline,11,0.84884824425521,0.7162688501028526,0.9645457077692966,0.8666046063996906,0.7368891545023526,0.9697311460936494,30
Llama-3.1-8B-Instruct,baseline,12,0.8509762966371893,0.7181320572109161,0.9651807558600101,0.8687003571146014,0.7394595920746992,0.9708111273636055,30
Llama-3.1-8B-Instruct,baseline,13,0.8527435612854728,0.7197253249133414,0.9656276239652266,0.8703905333313126,0.7422066898421177,0.9722997301509353,30
Llama-3.1-8B-Instruct,baseline,14,0.8542345178528999,0.7214117907303299,0.9659419190589542,0.8717788599738961,0.7439584861812394,0.9736070670849228,30
Llama-3.1-8B-Instruct,baseline,15,0.8555107208479933,0.7225515741533602,0.9661626696998264,0.8729393460449887,0.7443575551292296,0.9746863573138348,30
Llama-3.1-8B-Instruct,baseline,16,0.8566174323688446,0.7235525076058164,0.9663173945809161,0.8739252609687931,0.746012442520025,0.9762515531141667,30
Llama-3.1-8B-Instruct,baseline,17,0.8575882085880636,0.7244465424859291,0.9664255506084083,0.8747752417169572,0.7474149903818933,0.9767236581584793,30
Llama-3.1-8B-Instruct,baseline,18,0.8584481323037474,0.7252510221056034,0.9665009123972056,0.875517521916146,0.7476184485740653,0.9770311761337452,30
Llama-3.1-8B-Instruct,baseline,19,0.8592161207270704,0.7259791311748123,0.9665532325464693,0.8761728977257633,0.750130705239281,0.9776152426926825,30
Llama-3.1-8B-Instruct,baseline,20,0.8599065872865419,0.7266410477106694,0.9665894096994335,0.8767568265348133,0.7511222561956494,0.9781319832038524,30
Llama-3.1-8B-Instruct,baseline,21,0.8605306450018698,0.727244765816614,0.9666143152005984,0.8772809212741306,0.7516854042489333,0.9785931991544595,30
Llama-3.1-8B-Instruct,baseline,22,0.8610969809315281,0.7277966847161016,0.9666313851484648,0.8777540187818494,0.7521952403788058,0.9790077586244399,30
Llama-3.1-8B-Instruct,baseline,23,0.8616124928443257,0.7283020311391434,0.9666430329705804,0.878182945560352,0.7524274061322568,0.9793824089558875,30
Llama-3.1-8B-Instruct,baseline,24,0.8620827531716935,0.7287651619123228,0.9666509058144437,0.8785730673512152,0.7524420730108639,0.979722364133532,30
Llama-3.1-8B-Instruct,baseline,25,0.8625123471399891,0.729189776271616,0.9666562077804602,0.8789286837173464,0.7524542236168822,0.9800267694660444,30
Llama-3.1-8B-Instruct,baseline,26,0.8629051191278854,0.7295790986703136,0.9666597860993665,0.8792533112823718,0.7524644993525279,0.9802316735323574,30
Llama-3.1-8B-Instruct,baseline,27,0.863264352075507,0.7299359561767055,0.966662169275192,0.8795498869306675,0.7524733453332118,0.9802339229536489,30
Llama-3.1-8B-Instruct,baseline,28,0.863592898097819,0.7302628765075609,0.9666637467224618,0.8798209134934973,0.752481072450348,0.9802741775287445,30
Llama-3.1-8B-Instruct,baseline,29,0.8638932735899549,0.7305621465054918,0.9666647841259192,0.8800685641598022,0.7524879000189051,0.9802816969231044,30
Llama-3.1-8B-Instruct,baseline,30,0.8641677285501957,0.7308358546696379,0.9666654617794552,0.8802947573237629,0.7524939849841193,0.9802880405535416,30
Llama-3.1-8B-Instruct,baseline,31,0.864418297231322,0.731085922310886,0.9666659013284887,0.8805012103113113,0.752499441846013,0.9802934807111361,30
Llama-3.1-8B-Instruct,baseline,32,0.8646468353090966,0.7313141266096129,0.9666661843483924,0.8806894780612254,0.7525043430389595,0.9804370433019693,30
Llama-3.1-8B-Instruct,baseline,33,0.8648550473441681,0.7315221179213991,0.9666663651922869,0.8808609811229293,0.7525087760897281,0.9805949985659105,30
Llama-3.1-8B-Instruct,baseline,34,0.8650445072768663,0.7317114330040008,0.9666664798308542,0.8810170260933001,0.7525127900057764,0.9807386482838798,30
Llama-3.1-8B-Instruct,baseline,35,0.8652166739348075,0.731883505355101,0.9666665519009292,0.8811588207191869,0.7525164243260851,0.9808691369555457,30
Llama-3.1-8B-Instruct,baseline,36,0.8653729029783475,0.7320396735030315,0.9666665968196365,0.8812874852470743,0.7525197134908082,0.9809875161575465,30
Llama-3.1-8B-Instruct,baseline,37,0.8655144563049261,0.7321811878440733,0.9666666245650155,0.8814040611378694,0.7525226879684305,0.981094757026645,30
Llama-3.1-8B-Instruct,baseline,38,0.8656425096403735,0.7323092164427355,0.966666641542743,0.8815095179332686,0.7525253750590589,0.9811915931760398,30
Llama-3.1-8B-Instruct,baseline,39,0.8657581588337274,0.7324248500856396,0.9666666518304476,0.8816047588240252,0.7525277994702119,0.9812770881689339,30
Llama-3.1-8B-Instruct,baseline,40,0.8658624252201265,0.7325291067908251,0.9666666580009564,0.881690625303105,0.7525299837332098,0.9813541646611716,30
Llama-3.1-8B-Instruct,baseline,41,0.8659562603077267,0.732622935911927,0.9666666616627037,0.8817679011687538,0.7525319485082241,0.9814235279813204,30
Llama-3.1-8B-Instruct,baseline,42,0.8660405499673788,0.7327072219331386,0.966666663811565,0.881837316059844,0.7525337128117665,0.9814858341069598,30
Llama-3.1-8B-Instruct,baseline,43,0.8661161182492669,0.7327827880206746,0.9666666650579551,0.8818995486482918,0.7525352941902796,0.9815416928230364,30
Llama-3.1-8B-Instruct,baseline,44,0.8661837309124106,0.7328503993756391,0.9666666657720911,0.8819552295734994,0.7525432641161998,0.981591670535699,30
Llama-3.1-8B-Instruct,baseline,45,0.8662440987262257,0.7329107664189852,0.9666666661760411,0.8820049441764096,0.7525917365287741,0.9816362928356338,30
Llama-3.1-8B-Instruct,baseline,46,0.8662978805848495,0.7329645478295759,0.9666666664014706,0.8820492350720868,0.7526349205410153,0.9816760468727792,30
Llama-3.1-8B-Instruct,baseline,47,0.8663456864622074,0.7330123534498645,0.9666666665255003,0.8820886045870994,0.7526733060391557,0.9817113835829743,30
Llama-3.1-8B-Instruct,baseline,48,0.8663880802271372,0.7330547470693575,0.9666666665927269,0.8821235170794927,0.7527073458429262,0.9817427197930787,30
Llama-3.1-8B-Instruct,baseline,49,0.8664255823320013,0.7330922490931533,0.9666666666285941,0.8821544011534886,0.752737457883204,0.9817704402219786,30
Llama-3.1-8B-Instruct,baseline,50,0.8664586723842913,0.733125339100957,0.9666666666474136,0.8821816517773233,0.7527640272783506,0.9817948993889746,30
Llama-3.1-8B-Instruct,baseline,51,0.8664877916080977,0.7331544583007524,0.9666666666571153,0.8822056323101907,0.7527874083175404,0.981816423437298,30
Llama-3.1-8B-Instruct,baseline,52,0.8665133452005999,0.7331800118805198,0.9666666666620237,0.8822266764426816,0.7528079263569825,0.9818353118780988,30
Llama-3.1-8B-Instruct,baseline,53,0.8665357045875972,0.7332023712608948,0.9666666666644581,0.8822450900541025,0.7528258796333754,0.9818518392587643,30
Llama-3.1-8B-Instruct,baseline,54,0.8665552095813868,0.7332218762513009,0.96666666666564,0.8822611529894029,0.7528415409979311,0.981866256758498,30
Llama-3.1-8B-Instruct,baseline,55,0.8665721704438135,0.7332388371120343,0.9666666666662012,0.8822751207580568,0.752855254968267,0.9818787937135225,30
Llama-3.1-8B-Instruct,baseline,56,0.8665868698570406,0.7332535365244329,0.9666666666664611,0.8822872261569769,0.752867727337311,0.9818896590739273,30
Llama-3.1-8B-Instruct,baseline,57,0.8665995648043956,0.7332662314713922,0.9666666666665784,0.8822976808194003,0.7528784989282309,0.9818990427939837,30
Llama-3.1-8B-Instruct,baseline,58,0.8666104883635392,0.7332771550303518,0.9666666666666299,0.8823066766915852,0.7528877675062138,0.9819071171576165,30
Llama-3.1-8B-Instruct,baseline,59,0.866619851414136,0.7332865180808653,0.9666666666666519,0.8823143874391118,0.7528957120015118,0.9819140380406687,30
Llama-3.1-8B-Instruct,baseline,60,0.8666278442621619,0.7332945109288544,0.9666666666666609,0.8823209697845339,0.7529024938876896,0.9819201062712476,30
Llama-3.1-8B-Instruct,baseline,61,0.8666346381829638,0.733301304849641,0.9666666666666646,0.8823265647781308,0.7529082584909179,0.9819253851987487,30
Llama-3.1-8B-Instruct,baseline,62,0.8666403868851726,0.7333070535518433,0.966666666666666,0.8823312990034768,0.7529131362321017,0.9819298519835524,30
Llama-3.1-8B-Instruct,baseline,63,0.8666452278975553,0.7333118945642234,0.9666666666666665,0.882335285719556,0.7529172438036206,0.9819336134865433,30
Llama-3.1-8B-Instruct,baseline,64,0.8666492838809015,0.7333159505475686,0.9666666666666666,0.8823386259411347,0.7529206852824596,0.9819367650160753,30
Llama-3.1-8B-Instruct,baseline,65,0.8666526638670227,0.7333193305336896,0.9666666666666667,0.882341409459117,0.7529235531814912,0.9819393912906849,30
Llama-3.1-8B-Instruct,baseline,66,0.8666554644269517,0.7333221310936184,0.9666666666666667,0.8823437158025877,0.7529259294406889,0.9819415673467901,30
Llama-3.1-8B-Instruct,baseline,67,0.8666577707704224,0.7333244374370891,0.9666666666666667,0.8823456151442695,0.7529278863600278,0.9819433593929943,30
Llama-3.1-8B-Instruct,baseline,68,0.8666596577787167,0.7333263244453833,0.9666666666666667,0.8823471691511001,0.7529294874758508,0.9819448256126156,30
Llama-3.1-8B-Instruct,baseline,69,0.8666611909729557,0.7333278576396224,0.9666666666666667,0.8823484317816499,0.7529307883824569,0.9819460169160582,30
Llama-3.1-8B-Instruct,baseline,70,0.8666624274199227,0.7333290940865893,0.9666666666666667,0.8823494500320934,0.7529318375006874,0.981946977644641,30
Llama-3.1-8B-Instruct,baseline,71,0.8666634165774963,0.7333300832441629,0.9666666666666667,0.8823502646324481,0.7529326767952722,0.9819477462275071,30
Llama-3.1-8B-Instruct,baseline,72,0.8666642010817789,0.7333308677484456,0.9666666666666667,0.8823509106947984,0.7529333424427014,0.9819483557932285,30
Llama-3.1-8B-Instruct,baseline,73,0.8666648174780007,0.7333314841446674,0.9666666666666667,0.8823514183152165,0.7529338654513956,0.9819488347377239,30
Llama-3.1-8B-Instruct,baseline,74,0.8666652968972846,0.7333319635639513,0.9666666666666667,0.8823518131310972,0.7529342722359355,0.9819492072501093,30
Llama-3.1-8B-Instruct,baseline,75,0.866665665681349,0.7333323323480155,0.9666666666666667,0.8823521168356208,0.7529345851471202,0.981949493798098,30
Llama-3.1-8B-Instruct,baseline,76,0.8666659459572379,0.7333326126239046,0.9666666666666667,0.8823523476510589,0.7529348229596207,0.9819497115745695,30
Llama-3.1-8B-Instruct,baseline,77,0.8666661561641547,0.7333328228308214,0.9666666666666667,0.8823525207626374,0.7529350013189957,0.981949874906923,30
Llama-3.1-8B-Instruct,baseline,78,0.8666663115344844,0.7333329782011511,0.9666666666666667,0.8823526487146736,0.7529351331498384,0.9819499956308364,30
Llama-3.1-8B-Instruct,baseline,79,0.8666664245310879,0.7333330911977546,0.9666666666666667,0.8823527417706999,0.7529352290268148,0.9819500834300462,30
Llama-3.1-8B-Instruct,baseline,80,0.8666665052429475,0.7333331719096141,0.9666666666666667,0.8823528082392901,0.7529352975103693,0.9819501461437676,30
Llama-3.1-8B-Instruct,baseline,81,0.8666665617412491,0.7333332284079158,0.9666666666666667,0.8823528547673034,0.7529353454488577,0.9819501900433725,30
Llama-3.1-8B-Instruct,baseline,82,0.8666666003979819,0.7333332670646485,0.9666666666666667,0.8823528866022597,0.7529353782488758,0.9819502200799443,30
Llama-3.1-8B-Instruct,baseline,83,0.866666626169137,0.7333332928358037,0.9666666666666667,0.882352907825564,0.7529354001155546,0.9819502401043254,30
Llama-3.1-8B-Instruct,baseline,84,0.8666666428445905,0.7333333095112572,0.9666666666666667,0.8823529215582903,0.7529354142645821,0.981950253061278,30
Llama-3.1-8B-Instruct,baseline,85,0.8666666532667489,0.7333333199334154,0.9666666666666667,0.882352930141244,0.7529354231077241,0.9819502611593733,30
Llama-3.1-8B-Instruct,baseline,86,0.8666666595200438,0.7333333261867104,0.9666666666666667,0.8823529352910165,0.7529354284136096,0.9819502660182305,30
Llama-3.1-8B-Instruct,baseline,87,0.8666666630933553,0.733333329760022,0.9666666666666667,0.8823529382337437,0.7529354314455442,0.9819502687947204,30
Llama-3.1-8B-Instruct,baseline,88,0.866666665017446,0.7333333316841127,0.9666666666666667,0.882352939818289,0.7529354330781242,0.9819502702897532,30
Llama-3.1-8B-Instruct,baseline,89,0.8666666659794913,0.733333332646158,0.9666666666666667,0.8823529406105617,0.7529354338944142,0.9819502710372698,30
Llama-3.1-8B-Instruct,baseline,90,0.8666666664167848,0.7333333330834514,0.9666666666666667,0.8823529409706856,0.7529354342654552,0.9819502713770499,30
Llama-3.1-8B-Instruct,baseline,91,0.866666666591702,0.7333333332583687,0.9666666666666667,0.8823529411147352,0.7529354344138716,0.9819502715129622,30
Llama-3.1-8B-Instruct,baseline,92,0.8666666666500079,0.7333333333166745,0.9666666666666667,0.8823529411627518,0.7529354344633437,0.9819502715582661,30
Llama-3.1-8B-Instruct,baseline,93,0.8666666666645843,0.733333333331251,0.9666666666666667,0.8823529411747558,0.7529354344757117,0.9819502715695921,30
Llama-3.1-8B-Instruct,baseline,94,0.8666666666666667,0.7333333333333333,0.9666666666666667,0.8823529411764707,0.7529354344774785,0.9819502715712103,30
Llama-3.1-8B-Instruct,baseline,95,0.8666666666666667,0.7333333333333333,0.9666666666666667,0.8823529411764707,0.7529354344774785,0.9819502715712103,30
Llama-3.1-8B-Instruct,baseline,96,0.8666666666666667,0.7333333333333333,0.9666666666666667,0.8823529411764707,0.7529354344774785,0.9819502715712103,30
Llama-3.1-8B-Instruct,baseline,97,0.8666666666666667,0.7333333333333333,0.9666666666666667,0.8823529411764707,0.7529354344774785,0.9819502715712103,30
Llama-3.1-8B-Instruct,baseline,98,0.8666666666666667,0.7333333333333333,0.9666666666666667,0.8823529411764707,0.7529354344774785,0.9819502715712103,30
Llama-3.1-8B-Instruct,baseline,99,0.8666666666666667,0.7333333333333333,0.9666666666666667,0.8823529411764707,0.7529354344774785,0.9819502715712103,30
Llama-3.1-8B-Instruct,baseline,100,0.8666666666666667,0.7333333333333333,0.9666666666666667,0.8823529411764707,0.7529354344774785,0.9819502715712103,30
deepseek-coder-7b-instruct-v1.5,baseline,1,0.6846666666666666,0.5509583333333333,0.8096916666666667,0.6827843137254901,0.5476894361206722,0.8150200570980741,30
deepseek-coder-7b-instruct-v1.5,baseline,2,0.7620740740740742,0.6272648148148148,0.8878227272727273,0.7716292335115864,0.634911838976893,0.8945619005635265,30
deepseek-coder-7b-instruct-v1.5,baseline,3,0.792418882704597,0.6590790610183468,0.9145552154195012,0.8063754471485564,0.6725936057415682,0.9211930413971186,30
deepseek-coder-7b-instruct-v1.5,baseline,4,0.8089336538114152,0.678546929849728,0.9264503747765895,0.8255120484932491,0.69921031263428,0.9343663468542381,30
deepseek-coder-7b-instruct-v1.5,baseline,5,0.8200179595945428,0.6923679201524149,0.9327682715209639,0.8385359586665033,0.7151392064887622,0.9429387599045026,30
deepseek-coder-7b-instruct-v1.5,baseline,6,0.8284118854450806,0.6994196113002247,0.9359375213189732,0.8484229457069993,0.7299073955853249,0.9476554520938902,30
deepseek-coder-7b-instruct-v1.5,baseline,7,0.835226591553328,0.7085843309460261,0.9410844129831969,0.8563593106595864,0.7392712997865157,0.9528821812670119,30
deepseek-coder-7b-instruct-v1.5,baseline,8,0.8409936265526328,0.7122675070432698,0.9448319277919127,0.8629284495579569,0.7445204758816635,0.9562555634461971,30
deepseek-coder-7b-instruct-v1.5,baseline,9,0.8460012744377539,0.7172988284525476,0.9475150824126352,0.8684672466984973,0.7493450020351458,0.9587443721787635,30
deepseek-coder-7b-instruct-v1.5,baseline,10,0.8504234507101338,0.7217220048097991,0.9515933244074865,0.8731949465082997,0.7552407140785838,0.9621634158446076,30
deepseek-coder-7b-instruct-v1.5,baseline,11,0.8543754824356782,0.7287138759115218,0.9553598409984427,0.8772673645054606,0.7603925340487775,0.9653428174205547,30
deepseek-coder-7b-instruct-v1.5,baseline,12,0.857940104107236,0.7326524258712925,0.9585075738342641,0.8808022727125613,0.7636292089657604,0.9690262550137487,30
deepseek-coder-7b-instruct-v1.5,baseline,13,0.8611802361616421,0.7384277566769554,0.9611339796717497,0.8838923212811199,0.7659759281760908,0.9709839822188688,30
deepseek-coder-7b-instruct-v1.5,baseline,14,0.8641456259238243,0.739782256499836,0.9634289293289242,0.886612180791867,0.7681180221605977,0.9722543121570266,30
deepseek-coder-7b-instruct-v1.5,baseline,15,0.8668765537695875,0.74370393710889,0.96492434434325,0.8890228644610694,0.7722120029322275,0.9735718749983466,30
deepseek-coder-7b-instruct-v1.5,baseline,16,0.8694060903866018,0.7479940027374196,0.9653648548043607,0.8911745970772866,0.7733922569082005,0.9745267259904838,30
deepseek-coder-7b-instruct-v1.5,baseline,17,0.8717616035328757,0.7520969937977633,0.9666414855077113,0.8931088794690175,0.7752410124960403,0.9754398277671781,30
deepseek-coder-7b-instruct-v1.5,baseline,18,0.8739658473024117,0.7532215944486661,0.9683749912493193,0.8948600659390182,0.7779157188766387,0.9765630397533164,30
deepseek-coder-7b-instruct-v1.5,baseline,19,0.8760377969195685,0.754879978616531,0.9700033393390624,0.8964566174061045,0.7792580211318597,0.9778131441283723,30
deepseek-coder-7b-instruct-v1.5,baseline,20,0.8779933127864175,0.7585220326052906,0.9713276631327736,0.8979221198559244,0.7802065929027737,0.9792267169181097,30
deepseek-coder-7b-instruct-v1.5,baseline,21,0.879845680142212,0.7620821617885913,0.9720829394024217,0.8992761222703097,0.7822131470748513,0.9805769419327581,30
deepseek-coder-7b-instruct-v1.5,baseline,22,0.8816060526308231,0.7655661968766234,0.9727274187241974,0.9005348302311055,0.7841399387265097,0.9818068766882532,30
deepseek-coder-7b-instruct-v1.5,baseline,23,0.8832838188886746,0.7689692086468101,0.9733221719090382,0.9017116815696106,0.7859958078122807,0.9827021802148503,30
deepseek-coder-7b-instruct-v1.5,baseline,24,0.8848869062039043,0.7721039750561431,0.9738606916669863,0.9028178245002172,0.7878203743692914,0.9834172329269285,30
deepseek-coder-7b-instruct-v1.5,baseline,25,0.8864220321996957,0.7745731579520677,0.9743575588722247,0.9038625146939864,0.7895954975131229,0.984375631368368,30
deepseek-coder-7b-instruct-v1.5,baseline,26,0.8878949133846529,0.7763450635594522,0.9748227104368724,0.9048534448225731,0.7912961891158058,0.9853643240648778,30
deepseek-coder-7b-instruct-v1.5,baseline,27,0.8893104378452074,0.7779801595826906,0.9752620234080366,0.9057970178158804,0.7926194431498491,0.9862877729578016,30
deepseek-coder-7b-instruct-v1.5,baseline,28,0.8906728081203991,0.779111609240118,0.975680333433314,0.9066985732209698,0.793916315921895,0.9871407571072022,30
deepseek-coder-7b-instruct-v1.5,baseline,29,0.8919856592940686,0.7805680743578892,0.9765267838845414,0.9075625745136829,0.7949779861877551,0.9879319519839536,30
deepseek-coder-7b-instruct-v1.5,baseline,30,0.8932521565067509,0.7825966390326039,0.9778736979737988,0.9083927639308684,0.7959806327358765,0.9886685472384761,30
deepseek-coder-7b-instruct-v1.5,baseline,31,0.8944750753942287,0.7841696795422616,0.9791517199584954,0.9091922903142806,0.7969378588093818,0.9893565208402358,30
deepseek-coder-7b-instruct-v1.5,baseline,32,0.8956568683773282,0.785006851303279,0.980364862964273,0.909963814552749,0.7978548250672408,0.9900008631482204,30
deepseek-coder-7b-instruct-v1.5,baseline,33,0.8967997192394429,0.7858087645551753,0.9815167037835681,0.9107095964497213,0.7990644707008441,0.9906057598332139,30
deepseek-coder-7b-instruct-v1.5,baseline,34,0.8979055880193715,0.7865767264490041,0.9826104611739962,0.9114315662060183,0.8005434813024597,0.9911747410281379,30
deepseek-coder-7b-instruct-v1.5,baseline,35,0.8989762479048824,0.7873119750546408,0.9836490586659143,0.9121313831735874,0.8009264308084144,0.9917108027964272,30
deepseek-coder-7b-instruct-v1.5,baseline,36,0.9000133155263902,0.7880843029101513,0.984635174892117,0.9128104840889953,0.8018866104611211,0.9922165059390942,30
deepseek-coder-7b-instruct-v1.5,baseline,37,0.9010182758113701,0.7907047715331874,0.9855712838860963,0.9134701226216919,0.8025333752958667,0.9926940562737258,30
deepseek-coder-7b-instruct-v1.5,baseline,38,0.9019925023610907,0.7919090188423645,0.9864596873309285,0.9141114017600197,0.8037168736806652,0.9931453697834696,30
deepseek-coder-7b-instruct-v1.5,baseline,39,0.9029372741454876,0.7926022159557505,0.9873025403611246,0.9147353002977082,0.8045436466377116,0.9935721254259798,30
deepseek-coder-7b-instruct-v1.5,baseline,40,0.9038537891741693,0.7933000404664724,0.9881018722100634,0.9153426944667902,0.8053123316203502,0.9939758078901496,30
deepseek-coder-7b-instruct-v1.5,baseline,41,0.9047431756870303,0.7939997331895728,0.9888596027436132,0.9159343755824648,0.8060718491842125,0.9943576204049863,30
deepseek-coder-7b-instruct-v1.5,baseline,42,0.9056065013129252,0.7946664680576121,0.9895775557159836,0.9165110644154507,0.806839715110046,0.9947182838528095,30
deepseek-coder-7b-instruct-v1.5,baseline,43,0.9064447805660848,0.7957361153904712,0.9902574694182099,0.9170734228827994,0.8079183290643183,0.9950328375264059,30
deepseek-coder-7b-instruct-v1.5,baseline,44,0.9072589809847119,0.7975061255252943,0.9909010052558348,0.9176220635447704,0.8095525945733236,0.9953326798241491,30
deepseek-coder-7b-instruct-v1.5,baseline,45,0.908050028162211,0.7984103501577838,0.991509754684495,0.9181575573096632,0.8101048810767353,0.9956183751068424,30
deepseek-coder-7b-instruct-v1.5,baseline,46,0.908818809876871,0.7985647957182377,0.9920852448453358,0.9186804396774912,0.8106565239523613,0.9958904330726331,30
deepseek-coder-7b-instruct-v1.5,baseline,47,0.9095661794889461,0.7987088010421235,0.9926289431725522,0.9191912157946085,0.8112076477302005,0.9961493487456027,30
deepseek-coder-7b-instruct-v1.5,baseline,48,0.9102929587436448,0.7988430192930698,0.9931422611895611,0.9196903645427734,0.811758350225328,0.9963956029188848,30
deepseek-coder-7b-instruct-v1.5,baseline,49,0.9109999400934278,0.7993333122350826,0.9936265576657014,0.9201783418459449,0.8123087082156762,0.9966296625600368,30
deepseek-coder-7b-instruct-v1.5,baseline,50,0.9116878886323238,0.7999999794767374,0.994083141269761,0.9206555833449114,0.8128587819781724,0.9968606900238952,30
deepseek-coder-7b-instruct-v1.5,baseline,51,0.9123575437179349,0.8006618154979152,0.9945132728282531,0.9211225065624653,0.8134086188976387,0.9970861658271308,30
deepseek-coder-7b-instruct-v1.5,baseline,52,0.913009620342777,0.8013333261149584,0.9949181672737855,0.9215795126592486,0.8140195874236209,0.9972986282477446,30
deepseek-coder-7b-instruct-v1.5,baseline,53,0.9136448103050822,0.8019999950400778,0.9952989953509288,0.9220269878617977,0.8147024603492773,0.9974986730560451,30
deepseek-coder-7b-instruct-v1.5,baseline,54,0.9142637832197219,0.8036321303427143,0.995656885132744,0.9224653046290143,0.8150686523328914,0.9976868731730353,30
deepseek-coder-7b-instruct-v1.5,baseline,55,0.9148671874021547,0.8059264340180335,0.9959929233898334,0.9228948226107225,0.8155821213728052,0.9978637797686594,30
deepseek-coder-7b-instruct-v1.5,baseline,56,0.9154556506519462,0.8074311642543353,0.9963081568448501,0.9233158894416542,0.8161151155644141,0.9980299232127844,30
deepseek-coder-7b-instruct-v1.5,baseline,57,0.916029780957217,0.808720002147126,0.9966035933383034,0.9237288414057704,0.8166480228225786,0.9981858139091184,30
deepseek-coder-7b-instruct-v1.5,baseline,58,0.9165901671371318,0.8097538834143646,0.9968802029259157,0.9241340039989251,0.8171808529417306,0.9983319430366252,30
deepseek-coder-7b-instruct-v1.5,baseline,59,0.9171373794361024,0.8107548001331041,0.9971389189233633,0.9245316924122524,0.8177136140932025,0.9984687832183003,30
deepseek-coder-7b-instruct-v1.5,baseline,60,0.9176719700805689,0.8117235569833915,0.9973806389107451,0.9249222119540861,0.8182463132044098,0.9985967891332777,30
deepseek-coder-7b-instruct-v1.5,baseline,61,0.918194473806958,0.8126609584279711,0.9976062257063782,0.9253058584245231,0.818801678929225,0.9987163980850384,30
deepseek-coder-7b-instruct-v1.5,baseline,62,0.9187054083675942,0.8135678087738688,0.9978165083173532,0.9256829184537376,0.8193834681355341,0.9988280305358636,30
deepseek-coder-7b-instruct-v1.5,baseline,63,0.9192052750198609,0.814444912217645,0.9980122828725956,0.9260536698127557,0.820117708350658,0.998932090615533,30
deepseek-coder-7b-instruct-v1.5,baseline,64,0.9196945590027386,0.8152930728783417,0.9981943135428324,0.9264183817034658,0.821037345913101,0.9990289666105425,30
deepseek-coder-7b-instruct-v1.5,baseline,65,0.9201737300039081,0.8161130948212297,0.9983633334508446,0.9267773150331083,0.8213311541775741,0.9991190314387092,30
deepseek-coder-7b-instruct-v1.5,baseline,66,0.9206432426198681,0.8169057820747444,0.998520045574556,0.9271307226772637,0.8216235919912912,0.9992026431129287,30
deepseek-coder-7b-instruct-v1.5,baseline,67,0.9211035368109238,0.8176719386424216,0.9986651236448999,0.9274788497344066,0.8221383652521602,0.999280111733322,30
deepseek-coder-7b-instruct-v1.5,baseline,68,0.9215550383524591,0.8184123685112088,0.9987992130399048,0.9278219337743363,0.8226776165589808,0.999351686002216,30
deepseek-coder-7b-instruct-v1.5,baseline,69,0.9219981592835365,0.8191278756571724,0.998922931676082,0.9281602050822118,0.8232168413860634,0.9994178290608394,30
deepseek-coder-7b-instruct-v1.5,baseline,70,0.9224332983536084,0.8198192640493628,0.9990368708978988,0.9284938868994737,0.8237560423242861,0.9994788397108851,30
deepseek-coder-7b-instruct-v1.5,baseline,71,0.9228608414679039,0.8204873376523872,0.9991415963659257,0.9288231956625874,0.8243013875522611,0.9995350043883646,30
deepseek-coder-7b-instruct-v1.5,baseline,72,0.9232811621319056,0.8211329004280968,0.9992376489440621,0.9291483412402876,0.8248579126647384,0.9995840557791994,30
deepseek-coder-7b-instruct-v1.5,baseline,73,0.9236946218952063,0.821756756336669,0.9993255455861447,0.9294695271698012,0.8254143460237988,0.9996286979463719,30
deepseek-coder-7b-instruct-v1.5,baseline,74,0.9241015707949577,0.8223597093372896,0.9994057802221421,0.9297869508923978,0.8261902836868706,0.999670019077215,30
deepseek-coder-7b-instruct-v1.5,baseline,75,0.9245023477990458,0.8229425633885727,0.9994788246440793,0.9301008039884913,0.8271436850732953,0.9997081490914506,30
deepseek-coder-7b-instruct-v1.5,baseline,76,0.9248972812490973,0.8235061224488118,0.9995451293917909,0.9304112724124619,0.8280939059667167,0.9997432176454337,30
deepseek-coder-7b-instruct-v1.5,baseline,77,0.9252866893033773,0.8240511904761276,0.9996051246385652,0.9307185367272995,0.8282249323308495,0.9997753541435925,30
deepseek-coder-7b-instruct-v1.5,baseline,78,0.9256708803796208,0.8245785714285497,0.9996592210767243,0.9310227723391392,0.8282957682510722,0.9998053484340412,30
deepseek-coder-7b-instruct-v1.5,baseline,79,0.9260501535978268,0.8250890692640623,0.9997078108031645,0.9313241497317335,0.8286854261791898,0.9998329891147286,30
deepseek-coder-7b-instruct-v1.5,baseline,80,0.92642479922303,0.8255834879406287,0.9997512682048744,0.9316228347008874,0.8292202589613692,0.9998577360912062,30
deepseek-coder-7b-instruct-v1.5,baseline,81,0.9267950991080589,0.8260626314162026,0.9997899508444422,0.9319189885888745,0.8297723687829884,0.999879786300384,30
deepseek-coder-7b-instruct-v1.5,baseline,82,0.9271613271362902,0.8265273036487322,0.9998242003455552,0.9322127685188413,0.8303244739771826,0.9998993284288941,30
deepseek-coder-7b-instruct-v1.5,baseline,83,0.9275237496643977,0.8269783085961657,0.9998543432784965,0.9325043276292088,0.8308765753151909,0.9999165433714456,30
deepseek-coder-7b-instruct-v1.5,baseline,84,0.9278826259651003,0.82741645021645,0.9998806920456406,0.9327938153080664,0.8316441915491166,0.9999316046891772,30
deepseek-coder-7b-instruct-v1.5,baseline,85,0.9282382086699097,0.8278425324675325,0.9999035457669478,0.9330813774275722,0.8324351785097076,0.9999446790680052,30
deepseek-coder-7b-instruct-v1.5,baseline,86,0.9285907442118783,0.8282573593073593,0.9999231911654592,0.9333671565783455,0.8332260849667726,0.9999559267769731,30
deepseek-coder-7b-instruct-v1.5,baseline,87,0.9289404732683451,0.8286617346938776,0.99993990345279,0.9336512923038633,0.8340169281710674,0.9999655021265996,30
deepseek-coder-7b-instruct-v1.5,baseline,88,0.9292876312036842,0.8290564625850342,0.9999539472146247,0.9339339213348571,0.8345990492260515,0.9999735539272263,30
deepseek-coder-7b-instruct-v1.5,baseline,89,0.9296324485120508,0.8294423469387755,0.9999655772962106,0.9342151778237069,0.834882457296073,0.9999802259473656,30
deepseek-coder-7b-instruct-v1.5,baseline,90,0.9299751512601292,0.8298201917130489,0.9999750396878526,0.9344951935788375,0.8351658653660943,0.9999856573720495,30
deepseek-coder-7b-instruct-v1.5,baseline,91,0.9303159615298792,0.830190800865801,0.9999825724104076,0.9347740982991136,0.8354492734361156,0.9999899832611775,30
deepseek-coder-7b-instruct-v1.5,baseline,92,0.9306550978612834,0.8305549783549783,0.9999884064007776,0.9350520198082359,0.8356644020624819,0.9999933350078646,30
deepseek-coder-7b-instruct-v1.5,baseline,93,0.9309927756950953,0.830913528138528,0.9999927663974055,0.9353290842891359,0.8356670048799121,0.9999958407967885,30
deepseek-coder-7b-instruct-v1.5,baseline,94,0.9313292078155849,0.831267254174397,0.9999958718257688,0.9356054165183726,0.8356688639753289,0.999997626062539,30
deepseek-coder-7b-instruct-v1.5,baseline,95,0.9316646047932867,0.8316169604205319,0.9999979376838729,0.9358811401005265,0.8361361468506634,0.9999988139479656,30
deepseek-coder-7b-instruct-v1.5,baseline,96,0.9319991754277469,0.8319634508348793,0.999999175427747,0.9361563777025964,0.8366732226720266,0.9999995257625256,30
deepseek-coder-7b-instruct-v1.5,baseline,97,0.9323331271902701,0.8323075293753865,0.9999997938569367,0.9364312512883943,0.8370785393620724,0.9999998814406313,30
deepseek-coder-7b-instruct-v1.5,baseline,98,0.9326666666666666,0.83265,1.0,0.9367058823529414,0.8373483053062648,1.0,30
deepseek-coder-7b-instruct-v1.5,baseline,99,0.933,0.8329916666666667,1.0,0.936980392156863,0.8376180681521146,1.0,30
deepseek-coder-7b-instruct-v1.5,baseline,100,0.9333333333333333,0.8333333333333334,1.0,0.9372549019607845,0.8378878309979645,1.0,30
Llama-3.1-8B-Instruct,feedback,1,0.7646666666666667,0.6469916666666666,0.8826749999999999,0.7573529411764707,0.6434736399739662,0.8742295529529599,30
Llama-3.1-8B-Instruct,feedback,2,0.8453265993265993,0.7348703703703703,0.9455018518518519,0.8475290156466628,0.7420308953190523,0.94142694507054,30
Llama-3.1-8B-Instruct,feedback,3,0.8762448979591837,0.7704695526695527,0.9682042104720676,0.8823898650369238,0.7759656361772367,0.9669770488579479,30
Llama-3.1-8B-Instruct,feedback,4,0.8923279247344049,0.7929142570242717,0.979990984960057,0.8997780880549658,0.7937175990342211,0.9800310434813684,30
Llama-3.1-8B-Instruct,feedback,5,0.9021304310019331,0.8044892629393734,0.9862816795754019,0.9096659700274987,0.8043509549291835,0.9870613840436966,30
Llama-3.1-8B-Instruct,feedback,6,0.908819827355464,0.8121490902734924,0.9900640929536039,0.9159012158933848,0.8110042358841021,0.991362217874175,30
Llama-3.1-8B-Instruct,feedback,7,0.91378685142336,0.8168975027520538,0.9926072685811694,0.920199664661087,0.8162524994372747,0.9936143009633186,30
Llama-3.1-8B-Instruct,feedback,8,0.9176982484865842,0.8230316760381325,0.9944078468491353,0.9233844189505941,0.818960220157658,0.9952785885329031,30
Llama-3.1-8B-Instruct,feedback,9,0.9208996227682362,0.8268535684202607,0.9957291415910358,0.9258753938203997,0.8200178016484385,0.9964742549670975,30
Llama-3.1-8B-Instruct,feedback,10,0.9235861793949043,0.8299221952561604,0.9967215787474377,0.9279010948446303,0.8209216896430983,0.9973393879609003,30
Llama-3.1-8B-Instruct,feedback,11,0.9258785614711306,0.8319016969732097,0.997477824077471,0.9295946964687798,0.8217224006624378,0.9979932584054566,30
Llama-3.1-8B-Instruct,feedback,12,0.9278578430263454,0.8336963012742521,0.9980589721458404,0.9310393870365672,0.8224871674055134,0.9984839472644955,30
Llama-3.1-8B-Instruct,feedback,13,0.929582395285742,0.8353426108219146,0.9985075812408533,0.9322906418405077,0.8242297311731953,0.9988582676973237,30
Llama-3.1-8B-Instruct,feedback,14,0.93109646252491,0.8368268903556276,0.9988545408954645,0.933387634728341,0.8258005443845515,0.9991275859791143,30
Llama-3.1-8B-Instruct,feedback,15,0.9324348093529622,0.8374556133486241,0.9991229291190598,0.9343593533781402,0.8272040991226784,0.9993340728110273,30
Llama-3.1-8B-Instruct,feedback,16,0.9336254246059585,0.8396151550847967,0.9993303267501111,0.935228037305363,0.8294626775169882,0.9994925886153239,30
Llama-3.1-8B-Instruct,feedback,17,0.9346912134336915,0.8416945372955273,0.9994902961854694,0.9360112117526992,0.832031264322999,0.9996143218433807,30
Llama-3.1-8B-Instruct,feedback,18,0.9356511307933484,0.843920635323717,0.9996133803331484,0.9367229564987962,0.8343281967997537,0.9997077168801198,30
Llama-3.1-8B-Instruct,feedback,19,0.936520986231876,0.8453593451306082,0.9997078094996185,0.9373747405319358,0.8349362988096611,0.99977923363651,30
Llama-3.1-8B-Instruct,feedback,20,0.9373140422014656,0.8461762751181379,0.9997800202435009,0.9379759993434855,0.8357010672865375,0.9998338557661745,30
Llama-3.1-8B-Instruct,feedback,21,0.9380414744063953,0.846958605703391,0.9998350468147019,0.9385345522574168,0.8372760566868267,0.9998754461047163,30
Llama-3.1-8B-Instruct,feedback,22,0.9387127347889561,0.8477140832454569,0.999876822322359,0.9390569153259001,0.8382166558834799,0.9999070047468938,30
Llama-3.1-8B-Instruct,feedback,23,0.9393358426748277,0.8484487812402518,0.9999084135538882,0.9395485426603454,0.8395844083177736,0.9999308619876324,30
Llama-3.1-8B-Instruct,feedback,24,0.9399176210610468,0.8491674465183159,0.9999322056122415,0.9400140164999462,0.8396388073422963,0.999948825653898,30
Llama-3.1-8B-Instruct,feedback,25,0.940463889956783,0.8498737771412939,0.9999500477928926,0.9404571991565754,0.8401090082169741,0.9999622952271486,30
Llama-3.1-8B-Instruct,feedback,26,0.9409796255105594,0.8505706447986388,0.9999633690851186,0.9408813557578384,0.8407647989516345,0.9999723510288548,30
Llama-3.1-8B-Instruct,feedback,27,0.9414690915582581,0.851260272225002,0.9999732696461694,0.9412892541291498,0.8416025952513241,0.9999798242565592,30
Llama-3.1-8B-Instruct,feedback,28,0.9419359487649941,0.8519443742697368,0.9999805931683277,0.9416832465032261,0.8432894066188671,0.9999853520909441,30
Llama-3.1-8B-Instruct,feedback,29,0.9423833454687346,0.8526242696840106,0.9999859840141245,0.9420653366344057,0.8433844447404355,0.9999894210550474,30
Llama-3.1-8B-Instruct,feedback,30,0.9428139935273349,0.8533009693939062,0.9999899322041829,0.9424372351115066,0.8434671774519482,0.9999924010819866,30
Llama-3.1-8B-Instruct,feedback,31,0.94323023184287,0.8539752459551804,0.9999928087276401,0.9428004050859696,0.8440780008931528,0.9999945722190011,30
Llama-3.1-8B-Instruct,feedback,32,0.94363407973857,0.8546476880002795,0.9999948931586178,0.9431561001924056,0.8447203025316866,0.99999614549599,30
Llama-3.1-8B-Instruct,feedback,33,0.9440272819625175,0.8553187427597978,0.9999963951724593,0.9435053960951035,0.8453619251868384,0.9999972791764724,30
Llama-3.1-8B-Instruct,feedback,34,0.9444113467670489,0.8559974712417482,0.9999974712410301,0.9438492168209505,0.8460030292828224,0.9999980913636991,30
Llama-3.1-8B-Instruct,feedback,35,0.9447875782479993,0.8566649041988005,0.9999982375318726,0.944188356819796,0.846643736919654,0.999998669738752,30
Llama-3.1-8B-Instruct,feedback,36,0.9451571039119641,0.8573321131632744,0.9999987798298486,0.9445234995159327,0.8472934288044505,0.999999079050059,30
Llama-3.1-8B-Instruct,feedback,37,0.9455208982635555,0.8579991611330854,0.9999991611330535,0.9448552329706225,0.8479184103453452,0.9999993668469709,30
Llama-3.1-8B-Instruct,feedback,38,0.9458798030609754,0.8586660941067094,0.999999427440032,0.9451840631590027,0.8482246404826694,0.9999995678479517,30
Llama-3.1-8B-Instruct,feedback,39,0.9462345447712316,0.8593329454701365,0.9999996121367997,0.9455104252701644,0.8485307428996344,0.9999997072518446,30
Llama-3.1-8B-Instruct,feedback,40,0.946585749661155,0.8599997393050646,0.9999997393050635,0.9458346933626542,0.8488367458357122,0.9999998032348487,30
Llama-3.1-8B-Instruct,feedback,41,0.9469339568830731,0.860666492870043,0.999999826203376,0.9461571886457392,0.8491426709464623,0.9999998688232331,30
Llama-3.1-8B-Instruct,feedback,42,0.9472796298512508,0.8613332184508196,0.9999998851174859,0.9464781866068108,0.8494485348968298,0.999999913289934,30
Llama-3.1-8B-Instruct,feedback,43,0.9476231661543348,0.861999924732146,0.999999924732146,0.9467979231650159,0.8497543505655745,0.9999999431899567,30
Llama-3.1-8B-Instruct,feedback,44,0.9479649062077794,0.8626666178085861,0.9999999511419193,0.9471165999987532,0.8500601279539045,0.9999999631233053,30
Llama-3.1-8B-Instruct,feedback,45,0.9483051408167761,0.8633333019245673,0.9999999685912339,0.9474343891685902,0.8503658748699925,0.9999999762935535,30
Llama-3.1-8B-Instruct,feedback,46,0.9486441177930371,0.8639999800126035,0.9999999800126034,0.9477514371361248,0.85085955773396,0.9999999849140795,30
Llama-3.1-8B-Instruct,feedback,47,0.9489820477466758,0.8646666540820095,0.9999999874153429,0.9480678682624392,0.8515224995479871,0.9999999905014576,30
Llama-3.1-8B-Instruct,feedback,48,0.9493191091563956,0.8653333254976034,0.99999999216427,0.9483837878561396,0.8521849091773739,0.9999999940858132,30
Llama-3.1-8B-Instruct,feedback,49,0.9496554528064192,0.8659999951780125,0.9999999951780123,0.948699284829975,0.852846879133423,0.9999999963605005,30
Llama-3.1-8B-Instruct,feedback,50,0.949991205666431,0.8666664383083924,0.9999999970689879,0.9490144340160941,0.8535084872738288,0.9999999977877552,30
Llama-3.1-8B-Instruct,feedback,51,0.9503264742807319,0.8673264742807318,0.9999999982413927,0.949329298182719,0.8541814890363677,0.9999999986726532,30
Llama-3.1-8B-Instruct,feedback,52,0.9506613477243933,0.8679946810577267,0.9999999989591916,0.9496439297890608,0.8548580088961037,0.9999999992144274,30
Llama-3.1-8B-Instruct,feedback,53,0.9509959001771492,0.8686625668438158,0.9999999993928619,0.9499583725103692,0.8555343231184042,0.9999999995417493,30
Llama-3.1-8B-Instruct,feedback,54,0.9513301931597505,0.8693301931597508,0.9999999996512184,0.9502726625609246,0.8562104711272607,0.9999999997367495,30
Llama-3.1-8B-Instruct,feedback,55,0.951664277472398,0.8699976108057313,0.9999999998028627,0.9505868298393393,0.8565633543774769,0.9999999998512064,30
Llama-3.1-8B-Instruct,feedback,56,0.9519981948704245,0.870664861537091,0.9999999998904792,0.9509008989176173,0.857168935200443,0.999999999917337,30
Llama-3.1-8B-Instruct,feedback,57,0.9523319795085536,0.8713319795085537,0.9999999999402613,0.9512148898929363,0.8580591843965742,0.999999999954911,30
Llama-3.1-8B-Instruct,feedback,58,0.9526656591816598,0.871998992514993,0.9999999999680468,0.9515288191189483,0.858496827234702,0.9999999999758826,30
Llama-3.1-8B-Instruct,feedback,59,0.952999256386961,0.8726659230536277,0.9999999999832626,0.951842699831529,0.8584970327188556,0.999999999987367,30
Llama-3.1-8B-Instruct,feedback,60,0.9533327892299057,0.8733327892299058,0.9999999999914272,0.9521565426822413,0.85851412993984,0.9999999999935295,30
Llama-3.1-8B-Instruct,feedback,61,0.9536662721936104,0.8739996055269439,0.9999999999957135,0.9524703561913114,0.8585312263583326,0.9999999999967647,30
Llama-3.1-8B-Instruct,feedback,62,0.9539997167895643,0.8746663834562309,0.9999999999979117,0.952784147130625,0.858630143883548,0.9999999999984238,30
Llama-3.1-8B-Instruct,feedback,63,0.9543331321053603,0.8753331321053605,0.9999999999990108,0.9530979208460577,0.8592968617895512,0.9999999999992535,30
Llama-3.1-8B-Instruct,feedback,64,0.9546665252634667,0.8759998585968002,0.9999999999995455,0.9534116815274225,0.8599851187234784,0.999999999999657,30
Llama-3.1-8B-Instruct,feedback,65,0.954999901803447,0.8766665684701138,0.9999999999997979,0.953725432433353,0.8606754810334158,0.9999999999998476,30
Llama-3.1-8B-Instruct,feedback,66,0.9553332659986061,0.8773332659986062,0.9999999999999134,0.9540391760775911,0.8613658356278054,0.9999999999999346,30
Llama-3.1-8B-Instruct,feedback,67,0.9556666211167271,0.8779999544500604,0.9999999999999644,0.9543529143823802,0.8622435890136224,0.999999999999973,30
Llama-3.1-8B-Instruct,feedback,68,0.9559999696333833,0.8786666363000499,0.999999999999986,0.9546666488039478,0.8631837601971161,0.9999999999999893,30
Llama-3.1-8B-Instruct,feedback,69,0.9563333134052451,0.8793333134052452,0.9999999999999948,0.9549803804344567,0.8641239313045713,0.9999999999999961,30
Llama-3.1-8B-Instruct,feedback,70,0.9566666538098371,0.8799999871431704,0.9999999999999981,0.9552941100842176,0.8641497266123283,0.9999999999999987,30
Llama-3.1-8B-Instruct,feedback,71,0.9569999918573419,0.8806666585240086,0.9999999999999994,0.9556078383474559,0.8647704350471848,0.9999999999999996,30
Llama-3.1-8B-Instruct,feedback,72,0.9573333282792699,0.8813333282792698,0.9999999999999998,0.9559215656544726,0.8654535833391006,0.9999999999999999,30
Llama-3.1-8B-Instruct,feedback,73,0.9576666635981282,0.8819999969314616,1.0,0.9562352923126245,0.8661392385884926,1.0,30
Llama-3.1-8B-Instruct,feedback,74,0.957999998181607,0.8826666648482735,1.0,0.9565490185382002,0.8668248933782723,1.0,30
Llama-3.1-8B-Instruct,feedback,75,0.9583333322842603,0.8833333322842604,1.0,0.9568627444809374,0.8672721801627481,1.0,30
Llama-3.1-8B-Instruct,feedback,76,0.9586666660791858,0.883999999412519,1.0,0.9571764702426584,0.8678429742389688,1.0,30
Llama-3.1-8B-Instruct,feedback,77,0.9589999996817812,0.8846666663484478,1.0,0.9574901958912441,0.8685926338907819,1.0,30
Llama-3.1-8B-Instruct,feedback,78,0.9593333331673062,0.8853333331673062,1.0,0.9578039214709644,0.8689599514030187,1.0,30
Llama-3.1-8B-Instruct,feedback,79,0.959666666583653,0.8859999999169864,1.0,0.958117647009992,0.8693273047300479,1.0,30
Llama-3.1-8B-Instruct,feedback,80,0.9599999999604697,0.8866666666271363,1.0,0.9584313725257665,0.8696999364808743,1.0,30
Llama-3.1-8B-Instruct,feedback,81,0.9603333333155446,0.8873333333155448,1.0,0.9587450980287519,0.8702333498963205,1.0,30
Llama-3.1-8B-Instruct,feedback,82,0.9606666666591768,0.8879999999925101,1.0,0.959058823525006,0.870926641579898,1.0,30
Llama-3.1-8B-Instruct,feedback,83,0.9609999999970873,0.8886666666637539,1.0,0.9593725490178946,0.8718296720162345,1.0,30
Llama-3.1-8B-Instruct,feedback,84,0.9613333333323053,0.8893333333323052,1.0,0.9596862745091993,0.87281189908869,1.0,30
Llama-3.1-8B-Instruct,feedback,85,0.9616666666663455,0.8899999999996787,1.0,0.9599999999998111,0.8737941261604351,1.0,30
Llama-3.1-8B-Instruct,feedback,86,0.9619999999999143,0.890666666666581,1.0,0.9603137254901457,0.874787302471787,1.0,30
Llama-3.1-8B-Instruct,feedback,87,0.962333333333315,0.891333333333315,1.0,0.9606274509803814,0.8757252252252139,1.0,30
Llama-3.1-8B-Instruct,feedback,88,0.9626666666666638,0.8919999999999971,1.0,0.9609411764705866,0.8767741739360279,1.0,30
Llama-3.1-8B-Instruct,feedback,89,0.9629999999999997,0.8926666666666665,1.0,0.9612549019607841,0.8777036662168242,1.0,30
Llama-3.1-8B-Instruct,feedback,90,0.9633333333333333,0.8933333333333332,1.0,0.9615686274509805,0.8780628654970762,1.0,30
Llama-3.1-8B-Instruct,feedback,91,0.9636666666666667,0.894,1.0,0.9618823529411765,0.8784605263157895,1.0,30
Llama-3.1-8B-Instruct,feedback,92,0.9640000000000001,0.8946666666666666,1.0,0.9621960784313727,0.879135964912281,1.0,30
Llama-3.1-8B-Instruct,feedback,93,0.9643333333333334,0.8953333333333333,1.0,0.9625098039215687,0.8796387274892634,1.0,30
Llama-3.1-8B-Instruct,feedback,94,0.9646666666666667,0.896,1.0,0.9628235294117647,0.8804834710743802,1.0,30
Llama-3.1-8B-Instruct,feedback,95,0.965,0.8966666666666666,1.0,0.9631372549019609,0.8807835680615403,1.0,30
Llama-3.1-8B-Instruct,feedback,96,0.9653333333333334,0.8973333333333334,1.0,0.9634509803921569,0.8807923016859944,1.0,30
Llama-3.1-8B-Instruct,feedback,97,0.9656666666666667,0.8979999999999999,1.0,0.9637647058823531,0.8812896997934488,1.0,30
Llama-3.1-8B-Instruct,feedback,98,0.966,0.8986666666666667,1.0,0.9640784313725491,0.8819742413665476,1.0,30
Llama-3.1-8B-Instruct,feedback,99,0.9663333333333333,0.8993333333333333,1.0,0.9643921568627452,0.8826654610364361,1.0,30
Llama-3.1-8B-Instruct,feedback,100,0.9666666666666667,0.9,1.0,0.9647058823529413,0.8833566807063242,1.0,30
deepseek-coder-7b-instruct-v1.5,feedback,1,0.7929999999999998,0.67165,0.8970666666666667,0.8084313725490198,0.6889576585199332,0.9080769182257413,30
deepseek-coder-7b-instruct-v1.5,feedback,2,0.8557575757575757,0.7375907407407408,0.9523609427609427,0.8730873440285207,0.7604674178762413,0.9569980228243171,30
deepseek-coder-7b-instruct-v1.5,feedback,3,0.8797936507936509,0.7680740414347557,0.966682462378891,0.8960561436695893,0.7920358607901969,0.9746550535073023,30
deepseek-coder-7b-instruct-v1.5,feedback,4,0.8935381672819082,0.788375840032983,0.9745373790503392,0.9084773493277349,0.8062831746885478,0.9812797567188982,30
deepseek-coder-7b-instruct-v1.5,feedback,5,0.9031987430763204,0.8031044707453949,0.9795385770001012,0.9168126107831449,0.8182140979477368,0.9851092112611135,30
deepseek-coder-7b-instruct-v1.5,feedback,6,0.9107210710144397,0.8158132409510689,0.9836146045984779,0.923057593693029,0.8285413914963491,0.9869712686492101,30
deepseek-coder-7b-instruct-v1.5,feedback,7,0.9169183577987722,0.8250889038970571,0.9865842852753681,0.928044078840397,0.8349868959500207,0.9890824084702465,30
deepseek-coder-7b-instruct-v1.5,feedback,8,0.9222032086490217,0.8348040285264944,0.988849855877675,0.9321935594193598,0.8404577226024105,0.9909173922278738,30
deepseek-coder-7b-instruct-v1.5,feedback,9,0.926810042040125,0.8429830322017993,0.9906413566887287,0.9357442035541381,0.8462605959059227,0.9924431930424482,30
deepseek-coder-7b-instruct-v1.5,feedback,10,0.930882219005905,0.8497599072552379,0.9921045228936074,0.9388396677024133,0.8505561049166706,0.9936311066700678,30
deepseek-coder-7b-instruct-v1.5,feedback,11,0.934513137694017,0.8554515791240657,0.9933107292537322,0.9415712906842212,0.8554141660762175,0.9946090280932022,30
deepseek-coder-7b-instruct-v1.5,feedback,12,0.9377676655254419,0.8611591490913129,0.9943217733495191,0.9440003901856509,0.8591337113987975,0.9954268641271382,30
deepseek-coder-7b-instruct-v1.5,feedback,13,0.9406938303745235,0.8666510176939649,0.9951779898280403,0.946170610816887,0.8617741106757537,0.9961258883940061,30
deepseek-coder-7b-instruct-v1.5,feedback,14,0.9433293238577254,0.8695251385813931,0.9959073428426161,0.9481148910586704,0.8641363535284613,0.9967202271269336,30
deepseek-coder-7b-instruct-v1.5,feedback,15,0.9457051621267218,0.8722197568977234,0.9965304358661193,0.9498594286056947,0.8662480426351783,0.9972240431619545,30
deepseek-coder-7b-instruct-v1.5,feedback,16,0.9478477755955772,0.8746855183311384,0.9970632838220178,0.9514259564417905,0.8681341874343859,0.997652738599305,30
deepseek-coder-7b-instruct-v1.5,feedback,17,0.9497802288832876,0.8769603144264102,0.9975188646965576,0.9528330676542985,0.8698174360001367,0.9980181123627382,30
deepseek-coder-7b-instruct-v1.5,feedback,18,0.9515229588236721,0.8794482797530011,0.9979080078171947,0.9540970053097435,0.8713182867973973,0.9983295896761881,30
deepseek-coder-7b-instruct-v1.5,feedback,19,0.9530942444190357,0.8816943483455759,0.9982399218446465,0.9552321514746192,0.8727111403282777,0.9985949390620984,30
deepseek-coder-7b-instruct-v1.5,feedback,20,0.9545105261367974,0.8837193910077104,0.9985225261687478,0.9562513462858528,0.8740705801934641,0.9988207024529681,30
deepseek-coder-7b-instruct-v1.5,feedback,21,0.9557866387224796,0.8855426997408687,0.9987626735947198,0.9571661098660984,0.8752846940513354,0.9990124644654402,30
deepseek-coder-7b-instruct-v1.5,feedback,22,0.9569359925347564,0.8871880567647817,0.9989663113088169,0.9579868073838855,0.8767923313587271,0.9991750307838103,30
deepseek-coder-7b-instruct-v1.5,feedback,23,0.9579707225376085,0.8886654838305289,0.9991386052245353,0.9587227795270318,0.8781335701632406,0.9993125542447404,30
deepseek-coder-7b-instruct-v1.5,feedback,24,0.9589018155075701,0.8899892838991421,0.9992840411860935,0.9593824507292081,0.8786199588549053,0.9994286298425852,30
deepseek-coder-7b-instruct-v1.5,feedback,25,0.959739221405152,0.8911187431977272,0.9994065103738531,0.9599734220622679,0.8793929508122993,0.9995263703324243,30
deepseek-coder-7b-instruct-v1.5,feedback,26,0.9604919523915337,0.8919992609138306,0.9995093830375837,0.9605025527579512,0.8801089831061454,0.9996084689092739,30
deepseek-coder-7b-instruct-v1.5,feedback,27,0.9611681716490847,0.8927994789685056,0.9995955729963514,0.9609760327257545,0.8804139384914755,0.999677252629653,30
deepseek-coder-7b-instruct-v1.5,feedback,28,0.9617752734497367,0.8935263418463232,0.9996675944551047,0.961399447568031,0.8808510109112734,0.999734728727456,30
deepseek-coder-7b-instruct-v1.5,feedback,29,0.9623199555211044,0.8941861897061641,0.9997276122123289,0.9617778371195376,0.8816626600431877,0.9997826251609474,30
deepseek-coder-7b-instruct-v1.5,feedback,30,0.9628082845341462,0.8947848144824906,0.999777486069741,0.962115748273232,0.8823823003714097,0.999822426285469,30
deepseek-coder-7b-instruct-v1.5,feedback,31,0.9632457553980398,0.8954028361699616,0.9998188101005078,0.9624172826989943,0.882679778338559,0.9998554043014194,30
deepseek-coder-7b-instruct-v1.5,feedback,32,0.9636373449562206,0.8959564631424257,0.9998529473340091,0.9626861399650916,0.8827181925051948,0.9998826469856376,30
deepseek-coder-7b-instruct-v1.5,feedback,33,0.9639875606107217,0.8963752037970603,0.99988106034606,0.9629256565063964,0.8827503209375321,0.9999050821272281,30
deepseek-coder-7b-instruct-v1.5,feedback,34,0.964300484349088,0.896754180132994,0.9999041381902734,0.9631388408344572,0.8828205394156252,0.9999234990304317,30
deepseek-coder-7b-instruct-v1.5,feedback,35,0.9645798126036138,0.8970986516237827,0.9999230200622281,0.9633284053452099,0.883038903409377,0.9999385674041777,30
deepseek-coder-7b-instruct-v1.5,feedback,36,0.9648288923336021,0.8974112821721343,0.9999384160499075,0.9634967950466956,0.8832316396238112,0.9999508539236936,30
deepseek-coder-7b-instruct-v1.5,feedback,37,0.9650507536862868,0.8976945675220429,0.9999509252898147,0.9636462134996807,0.8833121588623252,0.9999608367205695,30
deepseek-coder-7b-instruct-v1.5,feedback,38,0.9652481395601754,0.8979508435308442,0.9999610518173287,0.9637786462375372,0.8833213459095001,0.999968918032242,30
deepseek-coder-7b-instruct-v1.5,feedback,39,0.9654235323654151,0.8981822941358802,0.9999692183717651,0.9638958819076031,0.8833287548185117,0.9999754352190449,30
deepseek-coder-7b-instruct-v1.5,feedback,40,0.9655791782490364,0.8983909590259347,0.9999757783908988,0.9639995313541668,0.8833347062372261,0.9999806703363024,30
deepseek-coder-7b-instruct-v1.5,feedback,41,0.965717109028391,0.898578741026933,0.9999810264062046,0.9640910448429753,0.8833394673721974,0.9999848584301052,30
deepseek-coder-7b-instruct-v1.5,feedback,42,0.965839162053585,0.8987474132108407,0.9999852070285665,0.9641717276086238,0.8833432601407338,0.9999881947082182,30
deepseek-coder-7b-instruct-v1.5,feedback,43,0.965946998199078,0.8988986257361827,0.9999885226945775,0.9642427538891838,0.8833462681985385,0.9999908407218936,30
deepseek-coder-7b-instruct-v1.5,feedback,44,0.9660421181657238,0.8990339124281571,0.9999911403256387,0.9643051795968688,0.883348642981016,0.9999929296800582,30
deepseek-coder-7b-instruct-v1.5,feedback,45,0.9661258772572585,0.8991546971059081,0.9999931970357584,0.9643599537593095,0.8833505088815339,0.9999945710043303,30
deepseek-coder-7b-instruct-v1.5,feedback,46,0.9661994987794704,0.8992622996641495,0.9999948050091246,0.9644079288530243,0.8833519676764845,0.9999958542214885,30
deepseek-coder-7b-instruct-v1.5,feedback,47,0.9662640861958999,0.8993579419159937,0.9999960556550761,0.9644498701388255,0.8833531022947793,0.9999968522792785,30
deepseek-coder-7b-instruct-v1.5,feedback,48,0.9663206341608285,0.8994427532035367,0.9999970231359064,0.9644864640981171,0.8833539800183657,0.9999976243617196,30
deepseek-coder-7b-instruct-v1.5,feedback,49,0.9663700385384064,0.8995177757824762,0.9999977673519299,0.9645183260592354,0.8833546551903554,0.9999982182712897,30
deepseek-coder-7b-instruct-v1.5,feedback,50,0.9664131055059614,0.8995839699867876,0.9999983364583007,0.9645460070940863,0.8833551714983474,0.9999986724374315,30
deepseek-coder-7b-instruct-v1.5,feedback,51,0.9664505598297308,0.8996422191792623,0.9999987689791425,0.9645700002572548,0.8833555638924214,0.9999990176036992,30
deepseek-coder-7b-instruct-v1.5,feedback,52,0.966483052392397,0.8996933344935133,0.9999990955765128,0.964590746232472,0.8833558601899875,0.9999992782394524,30
deepseek-coder-7b-instruct-v1.5,feedback,53,0.9665111670437819,0.899738059372866,0.9999993405245406,0.9646086384447123,0.8833560824131621,0.9999994737162674,30
deepseek-coder-7b-instruct-v1.5,feedback,54,0.9665354268388363,0.8997770739114034,0.9999995229326465,0.964624027690247,0.8833562478985049,0.9999996192841083,30
deepseek-coder-7b-instruct-v1.5,feedback,55,0.9665562997205314,0.899810999002279,0.9999996577560288,0.9646372263316089,0.8833563702137581,0.99999972687773,30
deepseek-coder-7b-instruct-v1.5,feedback,56,0.9665742036994087,0.8998404002982933,0.9999997566265094,0.9646485120995957,0.8833564599116105,0.9999998057797189,30
deepseek-coder-7b-instruct-v1.5,feedback,57,0.9665895115762704,0.8998657919896109,0.9999998285323135,0.9646581315401086,0.8833565251464124,0.9999998631629838,30
deepseek-coder-7b-instruct-v1.5,feedback,58,0.9666025552497731,0.8998876404033987,0.9999998803713815,0.9646663031397212,0.8833565721761532,0.9999999045323144,30
deepseek-coder-7b-instruct-v1.5,feedback,59,0.9666136296464548,0.8999063674300772,0.9999999173992873,0.9646732201604027,0.8833566057688251,0.999999934081836,30
deepseek-coder-7b-instruct-v1.5,feedback,60,0.9666229963069389,0.8999223537807983,0.9999999435897571,0.9646790532106884,0.8833566295294956,0.9999999549827173,30
deepseek-coder-7b-instruct-v1.5,feedback,61,0.9666308866586782,0.899935942080697,0.999999961923086,0.964683952577819,0.8833566461619649,0.999999969613334,30
deepseek-coder-7b-instruct-v1.5,feedback,62,0.9666375050025802,0.8999474398024062,0.9999999746153907,0.9646880503428676,0.8833566576767514,0.9999999797422229,30
deepseek-coder-7b-instruct-v1.5,feedback,63,0.9666430312381654,0.8999571220442706,0.9999999832995992,0.9646914622986719,0.8833566655552895,0.9999999866725149,30
deepseek-coder-7b-instruct-v1.5,feedback,64,0.9666476233495139,0.8999652341576536,0.9999999891673075,0.964694289688407,0.8833566708786262,0.9999999913551448,30
deepseek-coder-7b-instruct-v1.5,feedback,65,0.9666514196721143,0.8999719942276904,0.9999999930791131,0.9646966207808731,0.8833566744275171,0.9999999944768981,30
deepseek-coder-7b-instruct-v1.5,feedback,66,0.9666545409588352,0.8999775954118133,0.9999999956497283,0.9646985322970129,0.8833566767596455,0.999999996528336,30
deepseek-coder-7b-instruct-v1.5,feedback,67,0.9666570922615453,0.8999822081403382,0.9999999973130674,0.964700090700781,0.8833566782686698,0.9999999978557369,30
deepseek-coder-7b-instruct-v1.5,feedback,68,0.9666591646434038,0.8999859821833889,0.9999999983715561,0.9647013533662424,0.8833566792289579,0.9999999987004466,30
deepseek-coder-7b-instruct-v1.5,feedback,69,0.9666608367355051,0.8999890485884059,0.9999999990331114,0.9647023696316814,0.883356679829138,0.9999999992283902,30
deepseek-coder-7b-instruct-v1.5,feedback,70,0.9666621761503628,0.8999915214924766,0.9999999994385808,0.9647031817505131,0.8833566801969903,0.9999999995519686,30
deepseek-coder-7b-instruct-v1.5,feedback,71,0.9666632407636602,0.8999934998137059,0.9999999996818624,0.9647038257479171,0.8833566804177018,0.9999999997461154,30
deepseek-coder-7b-instruct-v1.5,feedback,72,0.9666640798747383,0.8999950688258361,0.9999999998244758,0.964704332191327,0.8833566805470843,0.9999999998599257,30
deepseek-coder-7b-instruct-v1.5,feedback,73,0.966664735255441,0.8999963016203174,0.9999999999059691,0.9647047268822064,0.8833566806210171,0.9999999999249601,30
deepseek-coder-7b-instruct-v1.5,feedback,74,0.9666652420961752,0.8999972604600168,0.9999999999512432,0.9647050314759206,0.8833566806620909,0.9999999999610905,30
deepseek-coder-7b-instruct-v1.5,feedback,75,0.9666656298573554,0.899997998028755,0.9999999999756216,0.9647052640359363,0.8833566806842076,0.9999999999805452,30
deepseek-coder-7b-instruct-v1.5,feedback,76,0.9666659230337825,0.89999855858085,0.9999999999882984,0.9647054395280787,0.8833566806957083,0.9999999999906617,30
deepseek-coder-7b-instruct-v1.5,feedback,77,0.9666661418389453,0.8999989789948418,0.9999999999946368,0.9647055702601148,0.8833566807014588,0.99999999999572,30
deepseek-coder-7b-instruct-v1.5,feedback,78,0.9666663028157245,0.8999992897355772,0.9999999999976682,0.9647056662715023,0.8833566807042087,0.999999999998139,30
deepseek-coder-7b-instruct-v1.5,feedback,79,0.9666664193795174,0.8999995157288184,0.9999999999990461,0.9647057356777782,0.8833566807054589,0.9999999999992387,30
deepseek-coder-7b-instruct-v1.5,feedback,80,0.9666665022993745,0.8999996771525525,0.9999999999996365,0.9647057849736934,0.8833566807059945,0.9999999999997098,30
deepseek-coder-7b-instruct-v1.5,feedback,81,0.9666665601223569,0.8999997901491618,0.9999999999998728,0.9647058192989019,0.883356680706209,0.9999999999998985,30
deepseek-coder-7b-instruct-v1.5,feedback,82,0.96666659954596,0.8999998674626295,0.9999999999999598,0.964705842669697,0.8833566807062877,0.9999999999999678,30
deepseek-coder-7b-instruct-v1.5,feedback,83,0.9666666257431352,0.8999999190049406,0.9999999999999889,0.9647058581800398,0.8833566807063141,0.999999999999991,30
deepseek-coder-7b-instruct-v1.5,feedback,84,0.9666666426441215,0.8999999523558474,0.9999999999999974,0.9647058681748633,0.8833566807063219,0.9999999999999979,30
deepseek-coder-7b-instruct-v1.5,feedback,85,0.9666666531790443,0.8999999732001643,0.9999999999999996,0.9647058743984095,0.8833566807063238,0.9999999999999996,30
deepseek-coder-7b-instruct-v1.5,feedback,86,0.9666666594849621,0.8999999857067543,1.0,0.9647058781201548,0.8833566807063242,1.0,30
deepseek-coder-7b-instruct-v1.5,feedback,87,0.966666663080826,0.8999999928533772,1.0,0.9647058802406752,0.8833566807063242,1.0,30
deepseek-coder-7b-instruct-v1.5,feedback,88,0.9666666650135909,0.8999999967015587,1.0,0.9647058813796368,0.8833566807063242,1.0,30
deepseek-coder-7b-instruct-v1.5,feedback,89,0.9666666659785276,0.8999999986256494,1.0,0.9647058819479267,0.8833566807063242,1.0,30
deepseek-coder-7b-instruct-v1.5,feedback,90,0.9666666664166095,0.8999999995002362,1.0,0.9647058822058076,0.8833566807063242,1.0,30
deepseek-coder-7b-instruct-v1.5,feedback,91,0.9666666665916845,0.8999999998500708,1.0,0.9647058823088301,0.8833566807063242,1.0,30
deepseek-coder-7b-instruct-v1.5,feedback,92,0.9666666666500079,0.8999999999666825,1.0,0.9647058823431419,0.8833566807063242,1.0,30
deepseek-coder-7b-instruct-v1.5,feedback,93,0.9666666666645843,0.8999999999958352,1.0,0.9647058823517163,0.8833566807063242,1.0,30
deepseek-coder-7b-instruct-v1.5,feedback,94,0.9666666666666667,0.9,1.0,0.9647058823529413,0.8833566807063242,1.0,30
deepseek-coder-7b-instruct-v1.5,feedback,95,0.9666666666666667,0.9,1.0,0.9647058823529413,0.8833566807063242,1.0,30
deepseek-coder-7b-instruct-v1.5,feedback,96,0.9666666666666667,0.9,1.0,0.9647058823529413,0.8833566807063242,1.0,30
deepseek-coder-7b-instruct-v1.5,feedback,97,0.9666666666666667,0.9,1.0,0.9647058823529413,0.8833566807063242,1.0,30
deepseek-coder-7b-instruct-v1.5,feedback,98,0.9666666666666667,0.9,1.0,0.9647058823529413,0.8833566807063242,1.0,30
deepseek-coder-7b-instruct-v1.5,feedback,99,0.9666666666666667,0.9,1.0,0.9647058823529413,0.8833566807063242,1.0,30
deepseek-coder-7b-instruct-v1.5,feedback,100,0.9666666666666667,0.9,1.0,0.9647058823529413,0.8833566807063242,1.0,30
