model,track,problem_id,pass_at_1,pass_at_2,pass_at_3,pass_at_4,pass_at_5,pass_at_6,pass_at_7,pass_at_8,pass_at_9,pass_at_10,pass_at_11,pass_at_12,pass_at_13,pass_at_14,pass_at_15,pass_at_16,pass_at_17,pass_at_18,pass_at_19,pass_at_20,pass_at_21,pass_at_22,pass_at_23,pass_at_24,pass_at_25,pass_at_26,pass_at_27,pass_at_28,pass_at_29,pass_at_30,pass_at_31,pass_at_32,pass_at_33,pass_at_34,pass_at_35,pass_at_36,pass_at_37,pass_at_38,pass_at_39,pass_at_40,pass_at_41,pass_at_42,pass_at_43,pass_at_44,pass_at_45,pass_at_46,pass_at_47,pass_at_48,pass_at_49,pass_at_50,pass_at_51,pass_at_52,pass_at_53,pass_at_54,pass_at_55,pass_at_56,pass_at_57,pass_at_58,pass_at_59,pass_at_60,pass_at_61,pass_at_62,pass_at_63,pass_at_64,pass_at_65,pass_at_66,pass_at_67,pass_at_68,pass_at_69,pass_at_70,pass_at_71,pass_at_72,pass_at_73,pass_at_74,pass_at_75,pass_at_76,pass_at_77,pass_at_78,pass_at_79,pass_at_80,pass_at_81,pass_at_82,pass_at_83,pass_at_84,pass_at_85,pass_at_86,pass_at_87,pass_at_88,pass_at_89,pass_at_90,pass_at_91,pass_at_92,pass_at_93,pass_at_94,pass_at_95,pass_at_96,pass_at_97,pass_at_98,pass_at_99,pass_at_100,k50,k90
Llama-3.1-8B-Instruct,CoT,ABC392,0.72,0.9236363636363636,0.9797402597402596,0.9947784174588298,0.9986946043647076,0.9996839568461924,0.9999260324533642,0.9999832976507596,0.999996369054513,0.9999992418905028,0.9999998483781004,0.9999999710385136,0.9999999947342753,0.9999999990921165,0.999999999852205,0.999999999977396,0.9999999999967708,0.999999999999572,0.9999999999999478,0.9999999999999942,0.9999999999999994,1.0,1.0,1.0,1.0,1.0,1.0,1.0,1.0,1.0,1.0,1.0,1.0,1.0,1.0,1.0,1.0,1.0,1.0,1.0,1.0,1.0,1.0,1.0,1.0,1.0,1.0,1.0,1.0,1.0,1.0,1.0,1.0,1.0,1.0,1.0,1.0,1.0,1.0,1.0,1.0,1.0,1.0,1.0,1.0,1.0,1.0,1.0,1.0,1.0,1.0,1.0,1.0,1.0,1.0,1.0,1.0,1.0,1.0,1.0,1.0,1.0,1.0,1.0,1.0,1.0,1.0,1.0,1.0,1.0,1.0,1.0,1.0,1.0,1.0,1.0,1.0,1.0,1.0,1.0,1.0,2.0
Llama-3.1-8B-Instruct,CoT,ABC393,0.5800000000000001,0.826060606060606,0.929004329004329,0.9714553487749364,0.9887010755567456,0.9955993662694692,0.9983146509117116,0.999365728837741,0.9997655954400348,0.999914996148584,0.9999697764083856,0.9999894726815725,0.9999964111414452,0.999998803713815,0.9999996105114748,0.9999998762801154,0.99999996170575,0.9999999884655874,0.9999999966240743,0.9999999990414038,0.999999999736386,0.9999999999299254,0.9999999999820322,0.9999999999955664,0.99999999999895,0.999999999999762,0.9999999999999484,0.9999999999999896,0.999999999999998,0.9999999999999996,1.0,1.0,1.0,1.0,1.0,1.0,1.0,1.0,1.0,1.0,1.0,1.0,1.0,1.0,1.0,1.0,1.0,1.0,1.0,1.0,1.0,1.0,1.0,1.0,1.0,1.0,1.0,1.0,1.0,1.0,1.0,1.0,1.0,1.0,1.0,1.0,1.0,1.0,1.0,1.0,1.0,1.0,1.0,1.0,1.0,1.0,1.0,1.0,1.0,1.0,1.0,1.0,1.0,1.0,1.0,1.0,1.0,1.0,1.0,1.0,1.0,1.0,1.0,1.0,1.0,1.0,1.0,1.0,1.0,1.0,1.0,3.0
Llama-3.1-8B-Instruct,CoT,ABC394,0.69,0.906060606060606,0.9722016079158936,0.9919757218726292,0.9977431717766768,0.9993823417494064,0.999835729188672,0.9999576075325604,0.99998940188314,0.999997437817902,0.9999994021575104,0.9999998656533732,0.999999970993342,0.9999999939986224,0.9999999988136812,0.999999999776693,0.9999999999601238,0.999999999993274,0.9999999999989336,0.999999999999842,0.9999999999999782,0.9999999999999972,0.9999999999999996,1.0,1.0,1.0,1.0,1.0,1.0,1.0,1.0,1.0,1.0,1.0,1.0,1.0,1.0,1.0,1.0,1.0,1.0,1.0,1.0,1.0,1.0,1.0,1.0,1.0,1.0,1.0,1.0,1.0,1.0,1.0,1.0,1.0,1.0,1.0,1.0,1.0,1.0,1.0,1.0,1.0,1.0,1.0,1.0,1.0,1.0,1.0,1.0,1.0,1.0,1.0,1.0,1.0,1.0,1.0,1.0,1.0,1.0,1.0,1.0,1.0,1.0,1.0,1.0,1.0,1.0,1.0,1.0,1.0,1.0,1.0,1.0,1.0,1.0,1.0,1.0,1.0,1.0,2.0
Llama-3.1-8B-Instruct,CoT,ABC395,0.98,0.9997979797979798,1.0,1.0,1.0,1.0,1.0,1.0,1.0,1.0,1.0,1.0,1.0,1.0,1.0,1.0,1.0,1.0,1.0,1.0,1.0,1.0,1.0,1.0,1.0,1.0,1.0,1.0,1.0,1.0,1.0,1.0,1.0,1.0,1.0,1.0,1.0,1.0,1.0,1.0,1.0,1.0,1.0,1.0,1.0,1.0,1.0,1.0,1.0,1.0,1.0,1.0,1.0,1.0,1.0,1.0,1.0,1.0,1.0,1.0,1.0,1.0,1.0,1.0,1.0,1.0,1.0,1.0,1.0,1.0,1.0,1.0,1.0,1.0,1.0,1.0,1.0,1.0,1.0,1.0,1.0,1.0,1.0,1.0,1.0,1.0,1.0,1.0,1.0,1.0,1.0,1.0,1.0,1.0,1.0,1.0,1.0,1.0,1.0,1.0,1.0,1.0
Llama-3.1-8B-Instruct,CoT,ABC396,0.98,0.9997979797979798,1.0,1.0,1.0,1.0,1.0,1.0,1.0,1.0,1.0,1.0,1.0,1.0,1.0,1.0,1.0,1.0,1.0,1.0,1.0,1.0,1.0,1.0,1.0,1.0,1.0,1.0,1.0,1.0,1.0,1.0,1.0,1.0,1.0,1.0,1.0,1.0,1.0,1.0,1.0,1.0,1.0,1.0,1.0,1.0,1.0,1.0,1.0,1.0,1.0,1.0,1.0,1.0,1.0,1.0,1.0,1.0,1.0,1.0,1.0,1.0,1.0,1.0,1.0,1.0,1.0,1.0,1.0,1.0,1.0,1.0,1.0,1.0,1.0,1.0,1.0,1.0,1.0,1.0,1.0,1.0,1.0,1.0,1.0,1.0,1.0,1.0,1.0,1.0,1.0,1.0,1.0,1.0,1.0,1.0,1.0,1.0,1.0,1.0,1.0,1.0
Llama-3.1-8B-Instruct,CoT,ABC397,1.0,1.0,1.0,1.0,1.0,1.0,1.0,1.0,1.0,1.0,1.0,1.0,1.0,1.0,1.0,1.0,1.0,1.0,1.0,1.0,1.0,1.0,1.0,1.0,1.0,1.0,1.0,1.0,1.0,1.0,1.0,1.0,1.0,1.0,1.0,1.0,1.0,1.0,1.0,1.0,1.0,1.0,1.0,1.0,1.0,1.0,1.0,1.0,1.0,1.0,1.0,1.0,1.0,1.0,1.0,1.0,1.0,1.0,1.0,1.0,1.0,1.0,1.0,1.0,1.0,1.0,1.0,1.0,1.0,1.0,1.0,1.0,1.0,1.0,1.0,1.0,1.0,1.0,1.0,1.0,1.0,1.0,1.0,1.0,1.0,1.0,1.0,1.0,1.0,1.0,1.0,1.0,1.0,1.0,1.0,1.0,1.0,1.0,1.0,1.0,1.0,1.0
Llama-3.1-8B-Instruct,CoT,ABC398,0.0,0.0,0.0,0.0,0.0,0.0,0.0,0.0,0.0,0.0,0.0,0.0,0.0,0.0,0.0,0.0,0.0,0.0,0.0,0.0,0.0,0.0,0.0,0.0,0.0,0.0,0.0,0.0,0.0,0.0,0.0,0.0,0.0,0.0,0.0,0.0,0.0,0.0,0.0,0.0,0.0,0.0,0.0,0.0,0.0,0.0,0.0,0.0,0.0,0.0,0.0,0.0,0.0,0.0,0.0,0.0,0.0,0.0,0.0,0.0,0.0,0.0,0.0,0.0,0.0,0.0,0.0,0.0,0.0,0.0,0.0,0.0,0.0,0.0,0.0,0.0,0.0,0.0,0.0,0.0,0.0,0.0,0.0,0.0,0.0,0.0,0.0,0.0,0.0,0.0,0.0,0.0,0.0,0.0,0.0,0.0,0.0,0.0,0.0,0.0,,
Llama-3.1-8B-Instruct,CoT,ABC399,1.0,1.0,1.0,1.0,1.0,1.0,1.0,1.0,1.0,1.0,1.0,1.0,1.0,1.0,1.0,1.0,1.0,1.0,1.0,1.0,1.0,1.0,1.0,1.0,1.0,1.0,1.0,1.0,1.0,1.0,1.0,1.0,1.0,1.0,1.0,1.0,1.0,1.0,1.0,1.0,1.0,1.0,1.0,1.0,1.0,1.0,1.0,1.0,1.0,1.0,1.0,1.0,1.0,1.0,1.0,1.0,1.0,1.0,1.0,1.0,1.0,1.0,1.0,1.0,1.0,1.0,1.0,1.0,1.0,1.0,1.0,1.0,1.0,1.0,1.0,1.0,1.0,1.0,1.0,1.0,1.0,1.0,1.0,1.0,1.0,1.0,1.0,1.0,1.0,1.0,1.0,1.0,1.0,1.0,1.0,1.0,1.0,1.0,1.0,1.0,1.0,1.0
Llama-3.1-8B-Instruct,CoT,ABC400,0.5,0.7525252525252525,0.8787878787878788,0.9412683536394876,0.9718577527855878,0.9866694618458048,0.9937601736299512,0.9971149189901924,0.9986828977998704,0.999406580327414,0.9997362579232952,0.9998844276293092,0.99995009374902,0.9999787755024568,0.9999911153266098,0.9999963416050748,0.9999985192211016,0.9999994112565824,0.9999997702464712,0.9999999120696372,0.999999967026114,0.999999987895662,0.9999999956548532,0.999999998476377,0.9999999994787606,0.9999999998262536,0.9999999999436496,0.999999999982246,0.9999999999945752,0.9999999999983956,0.9999999999995416,0.9999999999998738,0.9999999999999666,0.9999999999999916,0.999999999999998,0.9999999999999996,1.0,1.0,1.0,1.0,1.0,1.0,1.0,1.0,1.0,1.0,1.0,1.0,1.0,1.0,1.0,1.0,1.0,1.0,1.0,1.0,1.0,1.0,1.0,1.0,1.0,1.0,1.0,1.0,1.0,1.0,1.0,1.0,1.0,1.0,1.0,1.0,1.0,1.0,1.0,1.0,1.0,1.0,1.0,1.0,1.0,1.0,1.0,1.0,1.0,1.0,1.0,1.0,1.0,1.0,1.0,1.0,1.0,1.0,1.0,1.0,1.0,1.0,1.0,1.0,1.0,4.0
Llama-3.1-8B-Instruct,CoT,ABC401,1.0,1.0,1.0,1.0,1.0,1.0,1.0,1.0,1.0,1.0,1.0,1.0,1.0,1.0,1.0,1.0,1.0,1.0,1.0,1.0,1.0,1.0,1.0,1.0,1.0,1.0,1.0,1.0,1.0,1.0,1.0,1.0,1.0,1.0,1.0,1.0,1.0,1.0,1.0,1.0,1.0,1.0,1.0,1.0,1.0,1.0,1.0,1.0,1.0,1.0,1.0,1.0,1.0,1.0,1.0,1.0,1.0,1.0,1.0,1.0,1.0,1.0,1.0,1.0,1.0,1.0,1.0,1.0,1.0,1.0,1.0,1.0,1.0,1.0,1.0,1.0,1.0,1.0,1.0,1.0,1.0,1.0,1.0,1.0,1.0,1.0,1.0,1.0,1.0,1.0,1.0,1.0,1.0,1.0,1.0,1.0,1.0,1.0,1.0,1.0,1.0,1.0
Llama-3.1-8B-Instruct,CoT,ABC402,0.0,0.0,0.0,0.0,0.0,0.0,0.0,0.0,0.0,0.0,0.0,0.0,0.0,0.0,0.0,0.0,0.0,0.0,0.0,0.0,0.0,0.0,0.0,0.0,0.0,0.0,0.0,0.0,0.0,0.0,0.0,0.0,0.0,0.0,0.0,0.0,0.0,0.0,0.0,0.0,0.0,0.0,0.0,0.0,0.0,0.0,0.0,0.0,0.0,0.0,0.0,0.0,0.0,0.0,0.0,0.0,0.0,0.0,0.0,0.0,0.0,0.0,0.0,0.0,0.0,0.0,0.0,0.0,0.0,0.0,0.0,0.0,0.0,0.0,0.0,0.0,0.0,0.0,0.0,0.0,0.0,0.0,0.0,0.0,0.0,0.0,0.0,0.0,0.0,0.0,0.0,0.0,0.0,0.0,0.0,0.0,0.0,0.0,0.0,0.0,,
Llama-3.1-8B-Instruct,CoT,ABC403,0.6699999999999999,0.8933333333333333,0.9662585034013604,0.9895644855880495,0.99684760502139,0.999070873058936,0.9997331231126731,0.9999253892573065,0.9999797253416594,0.9999946528373608,0.9999986335028812,0.9999996622141952,0.999999919392024,0.9999999814694308,0.999999995906037,0.9999999991330432,0.9999999998245443,0.9999999999661772,0.999999999993813,0.9999999999989306,0.9999999999998264,0.9999999999999736,0.9999999999999962,0.9999999999999996,1.0,1.0,1.0,1.0,1.0,1.0,1.0,1.0,1.0,1.0,1.0,1.0,1.0,1.0,1.0,1.0,1.0,1.0,1.0,1.0,1.0,1.0,1.0,1.0,1.0,1.0,1.0,1.0,1.0,1.0,1.0,1.0,1.0,1.0,1.0,1.0,1.0,1.0,1.0,1.0,1.0,1.0,1.0,1.0,1.0,1.0,1.0,1.0,1.0,1.0,1.0,1.0,1.0,1.0,1.0,1.0,1.0,1.0,1.0,1.0,1.0,1.0,1.0,1.0,1.0,1.0,1.0,1.0,1.0,1.0,1.0,1.0,1.0,1.0,1.0,1.0,1.0,3.0
Llama-3.1-8B-Instruct,CoT,ABC404,0.0,0.0,0.0,0.0,0.0,0.0,0.0,0.0,0.0,0.0,0.0,0.0,0.0,0.0,0.0,0.0,0.0,0.0,0.0,0.0,0.0,0.0,0.0,0.0,0.0,0.0,0.0,0.0,0.0,0.0,0.0,0.0,0.0,0.0,0.0,0.0,0.0,0.0,0.0,0.0,0.0,0.0,0.0,0.0,0.0,0.0,0.0,0.0,0.0,0.0,0.0,0.0,0.0,0.0,0.0,0.0,0.0,0.0,0.0,0.0,0.0,0.0,0.0,0.0,0.0,0.0,0.0,0.0,0.0,0.0,0.0,0.0,0.0,0.0,0.0,0.0,0.0,0.0,0.0,0.0,0.0,0.0,0.0,0.0,0.0,0.0,0.0,0.0,0.0,0.0,0.0,0.0,0.0,0.0,0.0,0.0,0.0,0.0,0.0,0.0,,
Llama-3.1-8B-Instruct,CoT,ABC405,0.99,1.0,1.0,1.0,1.0,1.0,1.0,1.0,1.0,1.0,1.0,1.0,1.0,1.0,1.0,1.0,1.0,1.0,1.0,1.0,1.0,1.0,1.0,1.0,1.0,1.0,1.0,1.0,1.0,1.0,1.0,1.0,1.0,1.0,1.0,1.0,1.0,1.0,1.0,1.0,1.0,1.0,1.0,1.0,1.0,1.0,1.0,1.0,1.0,1.0,1.0,1.0,1.0,1.0,1.0,1.0,1.0,1.0,1.0,1.0,1.0,1.0,1.0,1.0,1.0,1.0,1.0,1.0,1.0,1.0,1.0,1.0,1.0,1.0,1.0,1.0,1.0,1.0,1.0,1.0,1.0,1.0,1.0,1.0,1.0,1.0,1.0,1.0,1.0,1.0,1.0,1.0,1.0,1.0,1.0,1.0,1.0,1.0,1.0,1.0,1.0,1.0
Llama-3.1-8B-Instruct,CoT,ABC406,0.41,0.6543434343434343,0.7989548546691404,0.8839326996028027,0.9335031091474392,0.96220176730486,0.9786882305016764,0.9880837417858837,0.9933942481639138,0.9963704660241284,0.9980239203909144,0.9989342491995944,0.9994307921861468,0.9996990395466984,0.9998425206930398,0.9999184812999266,0.999958270189248,0.999978883710222,0.999989441855111,0.9999947861012892,0.9999974582243786,0.9999987773737518,0.9999994200362669,0.9999997288481248,0.9999998751274258,0.9999999433910998,0.9999999747554904,0.9999999889339136,0.999999995235435,0.9999999979868036,0.9999999991659616,0.9999999996615496,0.9999999998656152,0.9999999999478508,0.9999999999802464,0.9999999999927064,0.9999999999973788,0.9999999999990848,0.99999999999969,0.9999999999998984,0.9999999999999678,0.9999999999999902,0.9999999999999972,0.9999999999999992,0.9999999999999998,1.0,1.0,1.0,1.0,1.0,1.0,1.0,1.0,1.0,1.0,1.0,1.0,1.0,1.0,1.0,1.0,1.0,1.0,1.0,1.0,1.0,1.0,1.0,1.0,1.0,1.0,1.0,1.0,1.0,1.0,1.0,1.0,1.0,1.0,1.0,1.0,1.0,1.0,1.0,1.0,1.0,1.0,1.0,1.0,1.0,1.0,1.0,1.0,1.0,1.0,1.0,1.0,1.0,1.0,1.0,2.0,5.0
Llama-3.1-8B-Instruct,CoT,ABC407,0.41,0.6543434343434343,0.7989548546691404,0.8839326996028027,0.9335031091474392,0.96220176730486,0.9786882305016764,0.9880837417858837,0.9933942481639138,0.9963704660241284,0.9980239203909144,0.9989342491995944,0.9994307921861468,0.9996990395466984,0.9998425206930398,0.9999184812999266,0.999958270189248,0.999978883710222,0.999989441855111,0.9999947861012892,0.9999974582243786,0.9999987773737518,0.9999994200362669,0.9999997288481248,0.9999998751274258,0.9999999433910998,0.9999999747554904,0.9999999889339136,0.999999995235435,0.9999999979868036,0.9999999991659616,0.9999999996615496,0.9999999998656152,0.9999999999478508,0.9999999999802464,0.9999999999927064,0.9999999999973788,0.9999999999990848,0.99999999999969,0.9999999999998984,0.9999999999999678,0.9999999999999902,0.9999999999999972,0.9999999999999992,0.9999999999999998,1.0,1.0,1.0,1.0,1.0,1.0,1.0,1.0,1.0,1.0,1.0,1.0,1.0,1.0,1.0,1.0,1.0,1.0,1.0,1.0,1.0,1.0,1.0,1.0,1.0,1.0,1.0,1.0,1.0,1.0,1.0,1.0,1.0,1.0,1.0,1.0,1.0,1.0,1.0,1.0,1.0,1.0,1.0,1.0,1.0,1.0,1.0,1.0,1.0,1.0,1.0,1.0,1.0,1.0,1.0,2.0,5.0
Llama-3.1-8B-Instruct,CoT,ABC408,0.2099999999999999,0.3775757575757575,0.5109523809523809,0.6168286696121748,0.7006473981345116,0.7668200785468827,0.818913465254494,0.8598039731002535,0.8918052401099782,0.9167732616230602,0.9361928339110128,0.951248457370212,0.9628823482250478,0.9718417814121052,0.9787176254858936,0.9839756238952608,0.9879817179214456,0.9910224880858992,0.99332160699073,0.9950530422153556,0.9963516186338248,0.9973214415286308,0.9980425918863072,0.9985764304627688,0.9989697852033196,0.99925824534639,0.9994687432886308,0.9996215705617644,0.9997319458145832,0.9998112294468896,0.9998678606128226,0.9999080769480504,0.9999364649493878,0.9999563789204752,0.9999702583548696,0.9999798671940656,0.9999864732710128,0.9999909821806752,0.9999940366033496,0.999996089575967,0.9999974582243786,0.999998362924176,0.999998955658526,0.9999993404159112,0.9999995877599444,0.999999745160693,0.999999844264868,0.999999905971241,0.9999999439443936,0.999999967026114,0.999999980875146,0.999999989071512,0.9999999938527256,0.99999999659938,0.999999998151837,0.999999999014313,0.9999999994847546,0.999999999736386,0.999999999868193,0.999999999935704,0.9999999999694592,0.9999999999859044,0.999999999993694,0.9999999999972732,0.9999999999988638,0.9999999999995456,0.9999999999998264,0.9999999999999368,0.9999999999999782,0.999999999999993,0.999999999999998,0.9999999999999994,1.0,1.0,1.0,1.0,1.0,1.0,1.0,1.0,1.0,1.0,1.0,1.0,1.0,1.0,1.0,1.0,1.0,1.0,1.0,1.0,1.0,1.0,1.0,1.0,1.0,1.0,1.0,1.0,3.0,10.0
Llama-3.1-8B-Instruct,CoT,ABC409,0.83,0.9725252525252526,0.9957946815089672,0.9993930468157272,0.9999178084229632,0.9999896179060584,0.9999987850741132,0.9999998693628078,0.9999999872202748,0.9999999988765076,0.9999999999126172,0.999999999994109,0.9999999999996652,0.9999999999999846,0.9999999999999994,1.0,1.0,1.0,1.0,1.0,1.0,1.0,1.0,1.0,1.0,1.0,1.0,1.0,1.0,1.0,1.0,1.0,1.0,1.0,1.0,1.0,1.0,1.0,1.0,1.0,1.0,1.0,1.0,1.0,1.0,1.0,1.0,1.0,1.0,1.0,1.0,1.0,1.0,1.0,1.0,1.0,1.0,1.0,1.0,1.0,1.0,1.0,1.0,1.0,1.0,1.0,1.0,1.0,1.0,1.0,1.0,1.0,1.0,1.0,1.0,1.0,1.0,1.0,1.0,1.0,1.0,1.0,1.0,1.0,1.0,1.0,1.0,1.0,1.0,1.0,1.0,1.0,1.0,1.0,1.0,1.0,1.0,1.0,1.0,1.0,1.0,2.0
Llama-3.1-8B-Instruct,CoT,ABC410,0.36,0.5927272727272728,0.7423376623376623,0.8379649216762619,0.8987280760476637,0.9371048051243384,0.9611923265660812,0.9762146517663078,0.9855219619447092,0.99124953743911,0.994749722463466,0.9968734302310528,0.9981524815001676,0.9989169719138912,0.9993703325080764,0.9996370152105382,0.9997925801203076,0.9998825453693309,0.9999341108169416,0.9999633948983008,0.9999798671940656,0.9999890416372762,0.9999940993431486,0.9999968580918064,0.9999983463641088,0.9999991401093364,0.999999558434524,0.999999776192841,0.9999998880964204,0.9999999448362636,0.9999999732061852,0.9999999871855668,0.9999999939696784,0.9999999972098512,0.9999999987317506,0.9999999994341656,0.9999999997524476,0.999999999893906,0.999999999955509,0.999999999981766,0.9999999999927064,0.9999999999971568,0.9999999999989216,0.9999999999996028,0.999999999999858,0.9999999999999508,0.9999999999999836,0.9999999999999948,0.9999999999999984,0.9999999999999996,1.0,1.0,1.0,1.0,1.0,1.0,1.0,1.0,1.0,1.0,1.0,1.0,1.0,1.0,1.0,1.0,1.0,1.0,1.0,1.0,1.0,1.0,1.0,1.0,1.0,1.0,1.0,1.0,1.0,1.0,1.0,1.0,1.0,1.0,1.0,1.0,1.0,1.0,1.0,1.0,1.0,1.0,1.0,1.0,1.0,1.0,1.0,1.0,1.0,1.0,2.0,6.0
Llama-3.1-8B-Instruct,CoT,ABC411,0.99,1.0,1.0,1.0,1.0,1.0,1.0,1.0,1.0,1.0,1.0,1.0,1.0,1.0,1.0,1.0,1.0,1.0,1.0,1.0,1.0,1.0,1.0,1.0,1.0,1.0,1.0,1.0,1.0,1.0,1.0,1.0,1.0,1.0,1.0,1.0,1.0,1.0,1.0,1.0,1.0,1.0,1.0,1.0,1.0,1.0,1.0,1.0,1.0,1.0,1.0,1.0,1.0,1.0,1.0,1.0,1.0,1.0,1.0,1.0,1.0,1.0,1.0,1.0,1.0,1.0,1.0,1.0,1.0,1.0,1.0,1.0,1.0,1.0,1.0,1.0,1.0,1.0,1.0,1.0,1.0,1.0,1.0,1.0,1.0,1.0,1.0,1.0,1.0,1.0,1.0,1.0,1.0,1.0,1.0,1.0,1.0,1.0,1.0,1.0,1.0,1.0
Llama-3.1-8B-Instruct,CoT,ABC412,0.95,0.997979797979798,0.9999381570810142,0.9999987248882684,0.9999999867175862,1.0,1.0,1.0,1.0,1.0,1.0,1.0,1.0,1.0,1.0,1.0,1.0,1.0,1.0,1.0,1.0,1.0,1.0,1.0,1.0,1.0,1.0,1.0,1.0,1.0,1.0,1.0,1.0,1.0,1.0,1.0,1.0,1.0,1.0,1.0,1.0,1.0,1.0,1.0,1.0,1.0,1.0,1.0,1.0,1.0,1.0,1.0,1.0,1.0,1.0,1.0,1.0,1.0,1.0,1.0,1.0,1.0,1.0,1.0,1.0,1.0,1.0,1.0,1.0,1.0,1.0,1.0,1.0,1.0,1.0,1.0,1.0,1.0,1.0,1.0,1.0,1.0,1.0,1.0,1.0,1.0,1.0,1.0,1.0,1.0,1.0,1.0,1.0,1.0,1.0,1.0,1.0,1.0,1.0,1.0,1.0,1.0
Llama-3.1-8B-Instruct,CoT,ABC413,1.0,1.0,1.0,1.0,1.0,1.0,1.0,1.0,1.0,1.0,1.0,1.0,1.0,1.0,1.0,1.0,1.0,1.0,1.0,1.0,1.0,1.0,1.0,1.0,1.0,1.0,1.0,1.0,1.0,1.0,1.0,1.0,1.0,1.0,1.0,1.0,1.0,1.0,1.0,1.0,1.0,1.0,1.0,1.0,1.0,1.0,1.0,1.0,1.0,1.0,1.0,1.0,1.0,1.0,1.0,1.0,1.0,1.0,1.0,1.0,1.0,1.0,1.0,1.0,1.0,1.0,1.0,1.0,1.0,1.0,1.0,1.0,1.0,1.0,1.0,1.0,1.0,1.0,1.0,1.0,1.0,1.0,1.0,1.0,1.0,1.0,1.0,1.0,1.0,1.0,1.0,1.0,1.0,1.0,1.0,1.0,1.0,1.0,1.0,1.0,1.0,1.0
Llama-3.1-8B-Instruct,CoT,ABC414,0.29,0.4979797979797979,0.6465367965367965,0.7522113625206409,0.8270641800925307,0.8798551145906002,0.9169210898764788,0.9428274166891898,0.960849209254554,0.973325834876729,0.9819208436386718,0.9878118047002282,0.9918283690603804,0.9945522460402536,0.9963892793522612,0.9976211722791368,0.9984424342303873,0.9989866439571192,0.9993450259722844,0.9995795228464048,0.9997319458145832,0.9998303454522678,0.9998934221430912,0.9999335618554336,0.9999589132527024,0.999974800128324,0.9999846757537106,0.99999076346799,0.9999944837378272,0.9999967368589964,0.999998088731698,0.9999988920183756,0.9999993645399508,0.9999996395898229,0.9999997979518704,0.9999998880964204,0.99999993880273,0.9999999669729018,0.9999999824210608,0.9999999907782612,0.999999995235435,0.9999999975773398,0.99999999878867,0.9999999994049606,0.999999999713106,0.9999999998643774,0.9999999999372118,0.9999999999715676,0.9999999999874242,0.9999999999945752,0.9999999999977216,0.99999999999907,0.999999999999632,0.999999999999859,0.999999999999948,0.9999999999999816,0.9999999999999936,0.999999999999998,0.9999999999999992,0.9999999999999998,1.0,1.0,1.0,1.0,1.0,1.0,1.0,1.0,1.0,1.0,1.0,1.0,1.0,1.0,1.0,1.0,1.0,1.0,1.0,1.0,1.0,1.0,1.0,1.0,1.0,1.0,1.0,1.0,1.0,1.0,1.0,1.0,1.0,1.0,1.0,1.0,1.0,1.0,1.0,1.0,3.0,7.0
Llama-3.1-8B-Instruct,CoT,ABC415,0.98,0.9997979797979798,1.0,1.0,1.0,1.0,1.0,1.0,1.0,1.0,1.0,1.0,1.0,1.0,1.0,1.0,1.0,1.0,1.0,1.0,1.0,1.0,1.0,1.0,1.0,1.0,1.0,1.0,1.0,1.0,1.0,1.0,1.0,1.0,1.0,1.0,1.0,1.0,1.0,1.0,1.0,1.0,1.0,1.0,1.0,1.0,1.0,1.0,1.0,1.0,1.0,1.0,1.0,1.0,1.0,1.0,1.0,1.0,1.0,1.0,1.0,1.0,1.0,1.0,1.0,1.0,1.0,1.0,1.0,1.0,1.0,1.0,1.0,1.0,1.0,1.0,1.0,1.0,1.0,1.0,1.0,1.0,1.0,1.0,1.0,1.0,1.0,1.0,1.0,1.0,1.0,1.0,1.0,1.0,1.0,1.0,1.0,1.0,1.0,1.0,1.0,1.0
Llama-3.1-8B-Instruct,CoT,ABC416,0.62,0.857979797979798,0.9478293135435992,0.9811755255054224,0.9933329986165038,0.9976840942562591,0.9992116065553224,0.9997372021851074,0.9999143050603612,0.9999726906236316,0.9999915037495742,0.999997422485826,0.9999992384617212,0.9999997811671612,0.9999999389303706,0.9999999834752769,0.9999999956720964,0.9999999989049884,0.999999999732924,0.9999999999373526,0.9999999999859044,0.9999999999969668,0.9999999999993778,0.9999999999998788,0.9999999999999776,0.999999999999996,0.9999999999999992,1.0,1.0,1.0,1.0,1.0,1.0,1.0,1.0,1.0,1.0,1.0,1.0,1.0,1.0,1.0,1.0,1.0,1.0,1.0,1.0,1.0,1.0,1.0,1.0,1.0,1.0,1.0,1.0,1.0,1.0,1.0,1.0,1.0,1.0,1.0,1.0,1.0,1.0,1.0,1.0,1.0,1.0,1.0,1.0,1.0,1.0,1.0,1.0,1.0,1.0,1.0,1.0,1.0,1.0,1.0,1.0,1.0,1.0,1.0,1.0,1.0,1.0,1.0,1.0,1.0,1.0,1.0,1.0,1.0,1.0,1.0,1.0,1.0,1.0,3.0
Llama-3.1-8B-Instruct,CoT,ABC417,0.53,0.7816161616161617,0.899721706864564,0.9545129391962972,0.9796255873483414,0.990992364932951,0.9960711378962872,0.9983101668371128,0.99928365768095,0.9997008680425944,0.9998770235286222,0.9999502567082068,0.9999802157362184,0.999992268218752,0.9999970331537072,0.9999988830696308,0.9999995877995068,0.9999998510118698,0.999999947309076,0.9999999817858534,0.9999999938527256,0.9999999979768464,0.9999999993515534,0.9999999997978868,0.999999999938834,0.999999999982058,0.9999999999949084,0.999999999998605,0.999999999999632,0.9999999999999066,0.9999999999999774,0.9999999999999948,0.9999999999999988,0.9999999999999998,1.0,1.0,1.0,1.0,1.0,1.0,1.0,1.0,1.0,1.0,1.0,1.0,1.0,1.0,1.0,1.0,1.0,1.0,1.0,1.0,1.0,1.0,1.0,1.0,1.0,1.0,1.0,1.0,1.0,1.0,1.0,1.0,1.0,1.0,1.0,1.0,1.0,1.0,1.0,1.0,1.0,1.0,1.0,1.0,1.0,1.0,1.0,1.0,1.0,1.0,1.0,1.0,1.0,1.0,1.0,1.0,1.0,1.0,1.0,1.0,1.0,1.0,1.0,1.0,1.0,1.0,1.0,4.0
Llama-3.1-8B-Instruct,CoT,ABC418,0.89,0.9888888888888888,0.9989795918367348,0.99991584262571,0.9999938635247914,0.9999996124331448,0.9999999793847416,0.9999999991133224,0.9999999999710866,0.9999999999993644,0.9999999999999928,1.0,1.0,1.0,1.0,1.0,1.0,1.0,1.0,1.0,1.0,1.0,1.0,1.0,1.0,1.0,1.0,1.0,1.0,1.0,1.0,1.0,1.0,1.0,1.0,1.0,1.0,1.0,1.0,1.0,1.0,1.0,1.0,1.0,1.0,1.0,1.0,1.0,1.0,1.0,1.0,1.0,1.0,1.0,1.0,1.0,1.0,1.0,1.0,1.0,1.0,1.0,1.0,1.0,1.0,1.0,1.0,1.0,1.0,1.0,1.0,1.0,1.0,1.0,1.0,1.0,1.0,1.0,1.0,1.0,1.0,1.0,1.0,1.0,1.0,1.0,1.0,1.0,1.0,1.0,1.0,1.0,1.0,1.0,1.0,1.0,1.0,1.0,1.0,1.0,1.0,2.0
Llama-3.1-8B-Instruct,CoT,ABC419,0.98,0.9997979797979798,1.0,1.0,1.0,1.0,1.0,1.0,1.0,1.0,1.0,1.0,1.0,1.0,1.0,1.0,1.0,1.0,1.0,1.0,1.0,1.0,1.0,1.0,1.0,1.0,1.0,1.0,1.0,1.0,1.0,1.0,1.0,1.0,1.0,1.0,1.0,1.0,1.0,1.0,1.0,1.0,1.0,1.0,1.0,1.0,1.0,1.0,1.0,1.0,1.0,1.0,1.0,1.0,1.0,1.0,1.0,1.0,1.0,1.0,1.0,1.0,1.0,1.0,1.0,1.0,1.0,1.0,1.0,1.0,1.0,1.0,1.0,1.0,1.0,1.0,1.0,1.0,1.0,1.0,1.0,1.0,1.0,1.0,1.0,1.0,1.0,1.0,1.0,1.0,1.0,1.0,1.0,1.0,1.0,1.0,1.0,1.0,1.0,1.0,1.0,1.0
Llama-3.1-8B-Instruct,CoT,ABC420,0.3299999999999999,0.5533333333333333,0.7037414965986395,0.8045304719826075,0.8717231222385862,0.91628245872413,0.9456726593848076,0.9649501028289084,0.9775223485533217,0.9856735847922268,0.9909266037017436,0.9942908967112096,0.996431810444506,0.9977852616552106,0.9986351031130948,0.9991650042574228,0.9994930382991496,0.99969460138503,0.9998175057056886,0.9998918552330006,0.9999364649493878,0.9999630049072386,0.9999786566772528,0.9999878038155732,0.999993099527232,0.99999613573525,0.9999978589884492,0.999998826842986,0.9999993645399508,0.9999996598946216,0.9999998202300142,0.999999906206964,0.9999999517241728,0.999999975501819,0.9999999877509096,0.9999999939696784,0.9999999970790632,0.9999999986090776,0.9999999993494072,0.9999999997013672,0.9999999998656152,0.9999999999407796,0.999999999974474,0.9999999999892522,0.9999999999955858,0.9999999999982344,0.9999999999993132,0.9999999999997408,0.9999999999999052,0.9999999999999666,0.9999999999999888,0.9999999999999964,0.9999999999999988,0.9999999999999996,1.0,1.0,1.0,1.0,1.0,1.0,1.0,1.0,1.0,1.0,1.0,1.0,1.0,1.0,1.0,1.0,1.0,1.0,1.0,1.0,1.0,1.0,1.0,1.0,1.0,1.0,1.0,1.0,1.0,1.0,1.0,1.0,1.0,1.0,1.0,1.0,1.0,1.0,1.0,1.0,1.0,1.0,1.0,1.0,1.0,1.0,2.0,6.0
Llama-3.1-8B-Instruct,CoT,ABC421,0.01,0.02,0.03,0.04,0.05,0.06,0.07,0.08,0.09,0.1,0.1100000000000001,0.1200000000000001,0.1300000000000001,0.1400000000000001,0.1500000000000001,0.1600000000000001,0.1700000000000001,0.1800000000000001,0.1900000000000001,0.2000000000000001,0.2100000000000002,0.2200000000000002,0.2300000000000002,0.2400000000000002,0.2500000000000002,0.2600000000000002,0.2700000000000002,0.2800000000000002,0.2900000000000002,0.3000000000000002,0.3100000000000003,0.3200000000000003,0.3300000000000003,0.3400000000000003,0.3500000000000003,0.3600000000000003,0.3700000000000003,0.3800000000000003,0.3900000000000003,0.4000000000000003,0.4100000000000003,0.4200000000000004,0.4300000000000004,0.4400000000000004,0.4500000000000004,0.4600000000000004,0.4700000000000004,0.4800000000000004,0.4900000000000004,0.5000000000000004,0.5100000000000005,0.5200000000000005,0.5300000000000005,0.5400000000000005,0.5500000000000005,0.5600000000000005,0.5700000000000005,0.5800000000000005,0.5900000000000005,0.6000000000000005,0.6100000000000005,0.6200000000000006,0.6300000000000004,0.6400000000000003,0.6500000000000004,0.6600000000000004,0.6700000000000004,0.6800000000000004,0.6900000000000004,0.7000000000000004,0.7100000000000004,0.7200000000000003,0.7300000000000003,0.7400000000000003,0.7500000000000003,0.7600000000000003,0.7700000000000002,0.7800000000000002,0.7900000000000003,0.8000000000000003,0.8100000000000003,0.8200000000000003,0.8300000000000003,0.8400000000000003,0.8500000000000002,0.8600000000000002,0.8700000000000002,0.8800000000000001,0.8900000000000001,0.9000000000000001,0.91,0.9200000000000002,0.9300000000000002,0.94,0.95,0.96,0.97,0.98,0.99,1.0,50.0,90.0
Llama-3.1-8B-Instruct,baseline,ABC392,0.72,0.9236363636363636,0.9797402597402596,0.9947784174588298,0.9986946043647076,0.9996839568461924,0.9999260324533642,0.9999832976507596,0.999996369054513,0.9999992418905028,0.9999998483781004,0.9999999710385136,0.9999999947342753,0.9999999990921165,0.999999999852205,0.999999999977396,0.9999999999967708,0.999999999999572,0.9999999999999478,0.9999999999999942,0.9999999999999994,1.0,1.0,1.0,1.0,1.0,1.0,1.0,1.0,1.0,1.0,1.0,1.0,1.0,1.0,1.0,1.0,1.0,1.0,1.0,1.0,1.0,1.0,1.0,1.0,1.0,1.0,1.0,1.0,1.0,1.0,1.0,1.0,1.0,1.0,1.0,1.0,1.0,1.0,1.0,1.0,1.0,1.0,1.0,1.0,1.0,1.0,1.0,1.0,1.0,1.0,1.0,1.0,1.0,1.0,1.0,1.0,1.0,1.0,1.0,1.0,1.0,1.0,1.0,1.0,1.0,1.0,1.0,1.0,1.0,1.0,1.0,1.0,1.0,1.0,1.0,1.0,1.0,1.0,1.0,1.0,2.0
Llama-3.1-8B-Instruct,baseline,ABC393,0.5800000000000001,0.826060606060606,0.929004329004329,0.9714553487749364,0.9887010755567456,0.9955993662694692,0.9983146509117116,0.999365728837741,0.9997655954400348,0.999914996148584,0.9999697764083856,0.9999894726815725,0.9999964111414452,0.999998803713815,0.9999996105114748,0.9999998762801154,0.99999996170575,0.9999999884655874,0.9999999966240743,0.9999999990414038,0.999999999736386,0.9999999999299254,0.9999999999820322,0.9999999999955664,0.99999999999895,0.999999999999762,0.9999999999999484,0.9999999999999896,0.999999999999998,0.9999999999999996,1.0,1.0,1.0,1.0,1.0,1.0,1.0,1.0,1.0,1.0,1.0,1.0,1.0,1.0,1.0,1.0,1.0,1.0,1.0,1.0,1.0,1.0,1.0,1.0,1.0,1.0,1.0,1.0,1.0,1.0,1.0,1.0,1.0,1.0,1.0,1.0,1.0,1.0,1.0,1.0,1.0,1.0,1.0,1.0,1.0,1.0,1.0,1.0,1.0,1.0,1.0,1.0,1.0,1.0,1.0,1.0,1.0,1.0,1.0,1.0,1.0,1.0,1.0,1.0,1.0,1.0,1.0,1.0,1.0,1.0,1.0,3.0
Llama-3.1-8B-Instruct,baseline,ABC394,0.69,0.906060606060606,0.9722016079158936,0.9919757218726292,0.9977431717766768,0.9993823417494064,0.999835729188672,0.9999576075325604,0.99998940188314,0.999997437817902,0.9999994021575104,0.9999998656533732,0.999999970993342,0.9999999939986224,0.9999999988136812,0.999999999776693,0.9999999999601238,0.999999999993274,0.9999999999989336,0.999999999999842,0.9999999999999782,0.9999999999999972,0.9999999999999996,1.0,1.0,1.0,1.0,1.0,1.0,1.0,1.0,1.0,1.0,1.0,1.0,1.0,1.0,1.0,1.0,1.0,1.0,1.0,1.0,1.0,1.0,1.0,1.0,1.0,1.0,1.0,1.0,1.0,1.0,1.0,1.0,1.0,1.0,1.0,1.0,1.0,1.0,1.0,1.0,1.0,1.0,1.0,1.0,1.0,1.0,1.0,1.0,1.0,1.0,1.0,1.0,1.0,1.0,1.0,1.0,1.0,1.0,1.0,1.0,1.0,1.0,1.0,1.0,1.0,1.0,1.0,1.0,1.0,1.0,1.0,1.0,1.0,1.0,1.0,1.0,1.0,1.0,2.0
Llama-3.1-8B-Instruct,baseline,ABC395,0.98,0.9997979797979798,1.0,1.0,1.0,1.0,1.0,1.0,1.0,1.0,1.0,1.0,1.0,1.0,1.0,1.0,1.0,1.0,1.0,1.0,1.0,1.0,1.0,1.0,1.0,1.0,1.0,1.0,1.0,1.0,1.0,1.0,1.0,1.0,1.0,1.0,1.0,1.0,1.0,1.0,1.0,1.0,1.0,1.0,1.0,1.0,1.0,1.0,1.0,1.0,1.0,1.0,1.0,1.0,1.0,1.0,1.0,1.0,1.0,1.0,1.0,1.0,1.0,1.0,1.0,1.0,1.0,1.0,1.0,1.0,1.0,1.0,1.0,1.0,1.0,1.0,1.0,1.0,1.0,1.0,1.0,1.0,1.0,1.0,1.0,1.0,1.0,1.0,1.0,1.0,1.0,1.0,1.0,1.0,1.0,1.0,1.0,1.0,1.0,1.0,1.0,1.0
Llama-3.1-8B-Instruct,baseline,ABC396,0.98,0.9997979797979798,1.0,1.0,1.0,1.0,1.0,1.0,1.0,1.0,1.0,1.0,1.0,1.0,1.0,1.0,1.0,1.0,1.0,1.0,1.0,1.0,1.0,1.0,1.0,1.0,1.0,1.0,1.0,1.0,1.0,1.0,1.0,1.0,1.0,1.0,1.0,1.0,1.0,1.0,1.0,1.0,1.0,1.0,1.0,1.0,1.0,1.0,1.0,1.0,1.0,1.0,1.0,1.0,1.0,1.0,1.0,1.0,1.0,1.0,1.0,1.0,1.0,1.0,1.0,1.0,1.0,1.0,1.0,1.0,1.0,1.0,1.0,1.0,1.0,1.0,1.0,1.0,1.0,1.0,1.0,1.0,1.0,1.0,1.0,1.0,1.0,1.0,1.0,1.0,1.0,1.0,1.0,1.0,1.0,1.0,1.0,1.0,1.0,1.0,1.0,1.0
Llama-3.1-8B-Instruct,baseline,ABC397,1.0,1.0,1.0,1.0,1.0,1.0,1.0,1.0,1.0,1.0,1.0,1.0,1.0,1.0,1.0,1.0,1.0,1.0,1.0,1.0,1.0,1.0,1.0,1.0,1.0,1.0,1.0,1.0,1.0,1.0,1.0,1.0,1.0,1.0,1.0,1.0,1.0,1.0,1.0,1.0,1.0,1.0,1.0,1.0,1.0,1.0,1.0,1.0,1.0,1.0,1.0,1.0,1.0,1.0,1.0,1.0,1.0,1.0,1.0,1.0,1.0,1.0,1.0,1.0,1.0,1.0,1.0,1.0,1.0,1.0,1.0,1.0,1.0,1.0,1.0,1.0,1.0,1.0,1.0,1.0,1.0,1.0,1.0,1.0,1.0,1.0,1.0,1.0,1.0,1.0,1.0,1.0,1.0,1.0,1.0,1.0,1.0,1.0,1.0,1.0,1.0,1.0
Llama-3.1-8B-Instruct,baseline,ABC398,0.0,0.0,0.0,0.0,0.0,0.0,0.0,0.0,0.0,0.0,0.0,0.0,0.0,0.0,0.0,0.0,0.0,0.0,0.0,0.0,0.0,0.0,0.0,0.0,0.0,0.0,0.0,0.0,0.0,0.0,0.0,0.0,0.0,0.0,0.0,0.0,0.0,0.0,0.0,0.0,0.0,0.0,0.0,0.0,0.0,0.0,0.0,0.0,0.0,0.0,0.0,0.0,0.0,0.0,0.0,0.0,0.0,0.0,0.0,0.0,0.0,0.0,0.0,0.0,0.0,0.0,0.0,0.0,0.0,0.0,0.0,0.0,0.0,0.0,0.0,0.0,0.0,0.0,0.0,0.0,0.0,0.0,0.0,0.0,0.0,0.0,0.0,0.0,0.0,0.0,0.0,0.0,0.0,0.0,0.0,0.0,0.0,0.0,0.0,0.0,,
Llama-3.1-8B-Instruct,baseline,ABC399,1.0,1.0,1.0,1.0,1.0,1.0,1.0,1.0,1.0,1.0,1.0,1.0,1.0,1.0,1.0,1.0,1.0,1.0,1.0,1.0,1.0,1.0,1.0,1.0,1.0,1.0,1.0,1.0,1.0,1.0,1.0,1.0,1.0,1.0,1.0,1.0,1.0,1.0,1.0,1.0,1.0,1.0,1.0,1.0,1.0,1.0,1.0,1.0,1.0,1.0,1.0,1.0,1.0,1.0,1.0,1.0,1.0,1.0,1.0,1.0,1.0,1.0,1.0,1.0,1.0,1.0,1.0,1.0,1.0,1.0,1.0,1.0,1.0,1.0,1.0,1.0,1.0,1.0,1.0,1.0,1.0,1.0,1.0,1.0,1.0,1.0,1.0,1.0,1.0,1.0,1.0,1.0,1.0,1.0,1.0,1.0,1.0,1.0,1.0,1.0,1.0,1.0
Llama-3.1-8B-Instruct,baseline,ABC400,0.6599999999999999,0.8866666666666667,0.9629931972789116,0.9881730836664564,0.9963040886457676,0.998871774428708,0.9996639328085514,0.9999024321057084,0.9999724264646568,0.9999924248529276,0.9999979799607808,0.9999994779673927,0.9999998694918482,0.9999999684980324,0.999999992673961,0.9999999983624148,0.9999999996490888,0.9999999999281266,0.999999999985976,0.999999999997403,0.9999999999995456,0.9999999999999252,0.9999999999999885,0.9999999999999984,0.9999999999999998,1.0,1.0,1.0,1.0,1.0,1.0,1.0,1.0,1.0,1.0,1.0,1.0,1.0,1.0,1.0,1.0,1.0,1.0,1.0,1.0,1.0,1.0,1.0,1.0,1.0,1.0,1.0,1.0,1.0,1.0,1.0,1.0,1.0,1.0,1.0,1.0,1.0,1.0,1.0,1.0,1.0,1.0,1.0,1.0,1.0,1.0,1.0,1.0,1.0,1.0,1.0,1.0,1.0,1.0,1.0,1.0,1.0,1.0,1.0,1.0,1.0,1.0,1.0,1.0,1.0,1.0,1.0,1.0,1.0,1.0,1.0,1.0,1.0,1.0,1.0,1.0,3.0
Llama-3.1-8B-Instruct,baseline,ABC401,1.0,1.0,1.0,1.0,1.0,1.0,1.0,1.0,1.0,1.0,1.0,1.0,1.0,1.0,1.0,1.0,1.0,1.0,1.0,1.0,1.0,1.0,1.0,1.0,1.0,1.0,1.0,1.0,1.0,1.0,1.0,1.0,1.0,1.0,1.0,1.0,1.0,1.0,1.0,1.0,1.0,1.0,1.0,1.0,1.0,1.0,1.0,1.0,1.0,1.0,1.0,1.0,1.0,1.0,1.0,1.0,1.0,1.0,1.0,1.0,1.0,1.0,1.0,1.0,1.0,1.0,1.0,1.0,1.0,1.0,1.0,1.0,1.0,1.0,1.0,1.0,1.0,1.0,1.0,1.0,1.0,1.0,1.0,1.0,1.0,1.0,1.0,1.0,1.0,1.0,1.0,1.0,1.0,1.0,1.0,1.0,1.0,1.0,1.0,1.0,1.0,1.0
Llama-3.1-8B-Instruct,baseline,ABC402,1.0,1.0,1.0,1.0,1.0,1.0,1.0,1.0,1.0,1.0,1.0,1.0,1.0,1.0,1.0,1.0,1.0,1.0,1.0,1.0,1.0,1.0,1.0,1.0,1.0,1.0,1.0,1.0,1.0,1.0,1.0,1.0,1.0,1.0,1.0,1.0,1.0,1.0,1.0,1.0,1.0,1.0,1.0,1.0,1.0,1.0,1.0,1.0,1.0,1.0,1.0,1.0,1.0,1.0,1.0,1.0,1.0,1.0,1.0,1.0,1.0,1.0,1.0,1.0,1.0,1.0,1.0,1.0,1.0,1.0,1.0,1.0,1.0,1.0,1.0,1.0,1.0,1.0,1.0,1.0,1.0,1.0,1.0,1.0,1.0,1.0,1.0,1.0,1.0,1.0,1.0,1.0,1.0,1.0,1.0,1.0,1.0,1.0,1.0,1.0,1.0,1.0
Llama-3.1-8B-Instruct,baseline,ABC403,0.8,0.9616161616161616,0.9929499072356216,0.998764416732016,0.999794069455336,0.9999674846508424,0.9999951572884234,0.9999993230618226,0.999999911703716,0.9999999893268228,0.9999999988140914,0.9999999998800768,0.9999999999890978,0.9999999999991228,0.9999999999999388,0.9999999999999964,0.9999999999999998,1.0,1.0,1.0,1.0,1.0,1.0,1.0,1.0,1.0,1.0,1.0,1.0,1.0,1.0,1.0,1.0,1.0,1.0,1.0,1.0,1.0,1.0,1.0,1.0,1.0,1.0,1.0,1.0,1.0,1.0,1.0,1.0,1.0,1.0,1.0,1.0,1.0,1.0,1.0,1.0,1.0,1.0,1.0,1.0,1.0,1.0,1.0,1.0,1.0,1.0,1.0,1.0,1.0,1.0,1.0,1.0,1.0,1.0,1.0,1.0,1.0,1.0,1.0,1.0,1.0,1.0,1.0,1.0,1.0,1.0,1.0,1.0,1.0,1.0,1.0,1.0,1.0,1.0,1.0,1.0,1.0,1.0,1.0,1.0,2.0
Llama-3.1-8B-Instruct,baseline,ABC404,0.0,0.0,0.0,0.0,0.0,0.0,0.0,0.0,0.0,0.0,0.0,0.0,0.0,0.0,0.0,0.0,0.0,0.0,0.0,0.0,0.0,0.0,0.0,0.0,0.0,0.0,0.0,0.0,0.0,0.0,0.0,0.0,0.0,0.0,0.0,0.0,0.0,0.0,0.0,0.0,0.0,0.0,0.0,0.0,0.0,0.0,0.0,0.0,0.0,0.0,0.0,0.0,0.0,0.0,0.0,0.0,0.0,0.0,0.0,0.0,0.0,0.0,0.0,0.0,0.0,0.0,0.0,0.0,0.0,0.0,0.0,0.0,0.0,0.0,0.0,0.0,0.0,0.0,0.0,0.0,0.0,0.0,0.0,0.0,0.0,0.0,0.0,0.0,0.0,0.0,0.0,0.0,0.0,0.0,0.0,0.0,0.0,0.0,0.0,0.0,,
Llama-3.1-8B-Instruct,baseline,ABC405,0.98,0.9997979797979798,1.0,1.0,1.0,1.0,1.0,1.0,1.0,1.0,1.0,1.0,1.0,1.0,1.0,1.0,1.0,1.0,1.0,1.0,1.0,1.0,1.0,1.0,1.0,1.0,1.0,1.0,1.0,1.0,1.0,1.0,1.0,1.0,1.0,1.0,1.0,1.0,1.0,1.0,1.0,1.0,1.0,1.0,1.0,1.0,1.0,1.0,1.0,1.0,1.0,1.0,1.0,1.0,1.0,1.0,1.0,1.0,1.0,1.0,1.0,1.0,1.0,1.0,1.0,1.0,1.0,1.0,1.0,1.0,1.0,1.0,1.0,1.0,1.0,1.0,1.0,1.0,1.0,1.0,1.0,1.0,1.0,1.0,1.0,1.0,1.0,1.0,1.0,1.0,1.0,1.0,1.0,1.0,1.0,1.0,1.0,1.0,1.0,1.0,1.0,1.0
Llama-3.1-8B-Instruct,baseline,ABC406,0.27,0.4690909090909091,0.6153617810760668,0.7224260275806668,0.8004937073236043,0.8571954957684746,0.8982138108137,0.9277646399323032,0.9489641477782575,0.9641066533825108,0.9748746573677576,0.9824969523236065,0.9878672055879544,0.9916325555778996,0.9942595439429776,0.9960829829257966,0.997342024128219,0.99820666688169,0.9987971546157676,0.9991981030771784,0.9994687432886308,0.999650312038086,0.9997713578710564,0.9998515310851016,0.9999042766206576,0.9999387370372208,0.9999610897398564,0.9999754812059368,0.9999846757537106,0.9999905032839896,0.9999941663030222,0.9999964490540136,0.9999978589884492,0.9999987217841488,0.9999992446906334,0.999999558434524,0.9999997447199592,0.999999854125691,0.9999999176515998,0.9999999541008916,0.9999999747554904,0.9999999863080626,0.9999999926818957,0.999999996148366,0.9999999980054038,0.9999999989845691,0.9999999994922846,0.999999999750932,0.9999999998802558,0.9999999999436496,0.999999999974079,0.999999999988362,0.9999999999949084,0.9999999999978332,0.999999999999105,0.999999999999642,0.9999999999998616,0.9999999999999484,0.9999999999999816,0.9999999999999936,0.999999999999998,0.9999999999999992,0.9999999999999998,1.0,1.0,1.0,1.0,1.0,1.0,1.0,1.0,1.0,1.0,1.0,1.0,1.0,1.0,1.0,1.0,1.0,1.0,1.0,1.0,1.0,1.0,1.0,1.0,1.0,1.0,1.0,1.0,1.0,1.0,1.0,1.0,1.0,1.0,1.0,1.0,1.0,3.0,8.0
Llama-3.1-8B-Instruct,baseline,ABC407,0.38,0.6179797979797981,0.7661100803957948,0.8577370592098132,0.9140494732725956,0.9484296839635572,0.969277258531481,0.9818306367659296,0.9893353737539152,0.9937887341643682,0.9964112686283016,0.9979435359555436,0.9988315545201952,0.9993419100171216,0.9996326939630444,0.9997969013678012,0.9998887793204624,0.999939699631576,0.999967643704748,0.999982823201286,0.9999909821806752,0.99999531986592,0.999997599931241,0.9999987843807584,0.9999993921903793,0.9999997001472536,0.999999854125691,0.9999999300602628,0.9999999669729018,0.9999999846493768,0.9999999929825724,0.9999999968472426,0.9999999986090776,0.999999999397959,0.9999999997445886,0.999999999893906,0.9999999999568994,0.9999999999828966,0.9999999999933792,0.9999999999975036,0.9999999999990848,0.9999999999996744,0.9999999999998876,0.9999999999999626,0.999999999999988,0.9999999999999962,0.9999999999999988,0.9999999999999996,1.0,1.0,1.0,1.0,1.0,1.0,1.0,1.0,1.0,1.0,1.0,1.0,1.0,1.0,1.0,1.0,1.0,1.0,1.0,1.0,1.0,1.0,1.0,1.0,1.0,1.0,1.0,1.0,1.0,1.0,1.0,1.0,1.0,1.0,1.0,1.0,1.0,1.0,1.0,1.0,1.0,1.0,1.0,1.0,1.0,1.0,1.0,1.0,1.0,1.0,1.0,1.0,2.0,5.0
Llama-3.1-8B-Instruct,baseline,ABC408,0.49,0.7424242424242424,0.8712121212121212,0.936269915651359,0.9687988128709778,0.9848920567585788,0.9927674739801706,0.9965781597325538,0.9984006616141284,0.9992618438219054,0.9996637288522012,0.9998488668998656,0.999933020557895,0.9999707446114944,0.999987413379364,0.999994669195966,0.9999977788316524,0.9999990901238094,0.9999996338303137,0.9999998553403708,0.9999999439443936,0.9999999787130608,0.9999999920856252,0.9999999971220456,0.9999999989775687,0.9999999996455572,0.9999999998802558,0.999999999960632,0.9999999999874242,0.9999999999961032,0.9999999999988308,0.9999999999996612,0.9999999999999052,0.9999999999999746,0.9999999999999934,0.9999999999999984,0.9999999999999996,1.0,1.0,1.0,1.0,1.0,1.0,1.0,1.0,1.0,1.0,1.0,1.0,1.0,1.0,1.0,1.0,1.0,1.0,1.0,1.0,1.0,1.0,1.0,1.0,1.0,1.0,1.0,1.0,1.0,1.0,1.0,1.0,1.0,1.0,1.0,1.0,1.0,1.0,1.0,1.0,1.0,1.0,1.0,1.0,1.0,1.0,1.0,1.0,1.0,1.0,1.0,1.0,1.0,1.0,1.0,1.0,1.0,1.0,1.0,1.0,1.0,1.0,1.0,2.0,4.0
Llama-3.1-8B-Instruct,baseline,ABC409,0.75,0.9393939393939394,0.9857761286332716,0.9967739673188863,0.9992943053510064,0.999851432705475,0.9999699704404684,0.9999941878271874,0.9999989260115456,0.9999998111668652,0.9999999685278108,0.9999999950493186,0.9999999992686494,0.999999999899124,0.9999999999870972,0.999999999998482,0.9999999999998374,0.9999999999999843,0.9999999999999988,1.0,1.0,1.0,1.0,1.0,1.0,1.0,1.0,1.0,1.0,1.0,1.0,1.0,1.0,1.0,1.0,1.0,1.0,1.0,1.0,1.0,1.0,1.0,1.0,1.0,1.0,1.0,1.0,1.0,1.0,1.0,1.0,1.0,1.0,1.0,1.0,1.0,1.0,1.0,1.0,1.0,1.0,1.0,1.0,1.0,1.0,1.0,1.0,1.0,1.0,1.0,1.0,1.0,1.0,1.0,1.0,1.0,1.0,1.0,1.0,1.0,1.0,1.0,1.0,1.0,1.0,1.0,1.0,1.0,1.0,1.0,1.0,1.0,1.0,1.0,1.0,1.0,1.0,1.0,1.0,1.0,1.0,2.0
Llama-3.1-8B-Instruct,baseline,ABC410,0.24,0.4242424242424242,0.5652442795299938,0.6728127052132943,0.7546095289099707,0.8166029110800834,0.8634276997404876,0.8986721643235875,0.9251055127609126,0.9448579049997928,0.9595624636665148,0.9704669678463308,0.978521431160968,0.9844465535993216,0.9887870502692784,0.9919530596050116,0.9942521854321512,0.9959142041023724,0.9971100468041172,0.9979663292325268,0.9985764304627688,0.999008907284206,0.9993138588890658,0.9995277210535128,0.9996768617734562,0.9997802660059502,0.9998515310851016,0.9999003427831504,0.9999335618554336,0.999956019819794,0.9999710987387218,0.9999811513513402,0.9999878038155732,0.9999921725980544,0.9999950189260346,0.9999968580918064,0.999998036307379,0.9999987843807584,0.9999992549430456,0.999999548080208,0.9999997288481248,0.9999998391471928,0.9999999057069752,0.9999999454093014,0.999999968805315,0.9999999824175412,0.9999999902319672,0.9999999946552274,0.9999999971220456,0.999999998476377,0.999999999207716,0.9999999995957736,0.9999999997978868,0.9999999999010936,0.999999999952697,0.9999999999779252,0.999999999989966,0.9999999999955664,0.9999999999981,0.9999999999992122,0.9999999999996848,0.9999999999998788,0.9999999999999554,0.9999999999999843,0.9999999999999948,0.9999999999999984,0.9999999999999996,1.0,1.0,1.0,1.0,1.0,1.0,1.0,1.0,1.0,1.0,1.0,1.0,1.0,1.0,1.0,1.0,1.0,1.0,1.0,1.0,1.0,1.0,1.0,1.0,1.0,1.0,1.0,1.0,1.0,1.0,1.0,1.0,1.0,3.0,9.0
Llama-3.1-8B-Instruct,baseline,ABC411,0.97,0.9993939393939394,0.9999938157081014,1.0,1.0,1.0,1.0,1.0,1.0,1.0,1.0,1.0,1.0,1.0,1.0,1.0,1.0,1.0,1.0,1.0,1.0,1.0,1.0,1.0,1.0,1.0,1.0,1.0,1.0,1.0,1.0,1.0,1.0,1.0,1.0,1.0,1.0,1.0,1.0,1.0,1.0,1.0,1.0,1.0,1.0,1.0,1.0,1.0,1.0,1.0,1.0,1.0,1.0,1.0,1.0,1.0,1.0,1.0,1.0,1.0,1.0,1.0,1.0,1.0,1.0,1.0,1.0,1.0,1.0,1.0,1.0,1.0,1.0,1.0,1.0,1.0,1.0,1.0,1.0,1.0,1.0,1.0,1.0,1.0,1.0,1.0,1.0,1.0,1.0,1.0,1.0,1.0,1.0,1.0,1.0,1.0,1.0,1.0,1.0,1.0,1.0,1.0
Llama-3.1-8B-Instruct,baseline,ABC412,0.84,0.9757575757575756,0.9965367965367964,0.9995358593296738,0.9999419824162092,0.9999932821745084,0.9999992853377137,0.9999999308391336,0.9999999939860116,0.9999999995373856,0.999999999969159,0.9999999999982674,0.9999999999999212,0.9999999999999972,1.0,1.0,1.0,1.0,1.0,1.0,1.0,1.0,1.0,1.0,1.0,1.0,1.0,1.0,1.0,1.0,1.0,1.0,1.0,1.0,1.0,1.0,1.0,1.0,1.0,1.0,1.0,1.0,1.0,1.0,1.0,1.0,1.0,1.0,1.0,1.0,1.0,1.0,1.0,1.0,1.0,1.0,1.0,1.0,1.0,1.0,1.0,1.0,1.0,1.0,1.0,1.0,1.0,1.0,1.0,1.0,1.0,1.0,1.0,1.0,1.0,1.0,1.0,1.0,1.0,1.0,1.0,1.0,1.0,1.0,1.0,1.0,1.0,1.0,1.0,1.0,1.0,1.0,1.0,1.0,1.0,1.0,1.0,1.0,1.0,1.0,1.0,2.0
Llama-3.1-8B-Instruct,baseline,ABC413,1.0,1.0,1.0,1.0,1.0,1.0,1.0,1.0,1.0,1.0,1.0,1.0,1.0,1.0,1.0,1.0,1.0,1.0,1.0,1.0,1.0,1.0,1.0,1.0,1.0,1.0,1.0,1.0,1.0,1.0,1.0,1.0,1.0,1.0,1.0,1.0,1.0,1.0,1.0,1.0,1.0,1.0,1.0,1.0,1.0,1.0,1.0,1.0,1.0,1.0,1.0,1.0,1.0,1.0,1.0,1.0,1.0,1.0,1.0,1.0,1.0,1.0,1.0,1.0,1.0,1.0,1.0,1.0,1.0,1.0,1.0,1.0,1.0,1.0,1.0,1.0,1.0,1.0,1.0,1.0,1.0,1.0,1.0,1.0,1.0,1.0,1.0,1.0,1.0,1.0,1.0,1.0,1.0,1.0,1.0,1.0,1.0,1.0,1.0,1.0,1.0,1.0
Llama-3.1-8B-Instruct,baseline,ABC414,0.0699999999999999,0.1357575757575757,0.1974891774891775,0.2554023296291337,0.3096959097603426,0.3605604216727385,0.4081782626120026,0.4527239847809917,0.494364551156351,0.5332595856827855,0.5695616179074577,0.6034163221169835,0.6349627510394962,0.6643335641742494,0.6916552508112291,0.7170483478032456,0.7406276521529751,0.762502428477423,0.7827766114122772,0.8015490030186235,0.818913465254494,0.834959107573716,0.8497704697145364,0.8634276997404876,0.8760067273959691,0.887579432839012,0.8982138108137,0.9079741303247152,0.9169210898764788,0.9251119683393612,0.9326007715054252,0.939438374396179,0.9456726593848076,0.9513486501953502,0.956508641841298,0.9611923265660812,0.965436915847916,0.969277258531481,0.9727459551488944,0.975873468492464,0.9786882305016764,0.9812167455269012,0.9834836900322752,0.9855120088002416,0.9873230077002112,0.9889364430838208,0.9903706078692514,0.991642414377086,0.9927674739801706,0.9937601736299512,0.994633749321758,0.9954003565615068,0.9960711378962872,0.9966562875713082,0.9971651133756744,0.9976060957394584,0.9979869441445444,0.9983146509117116,0.9985955424264265,0.998835327865817,0.9990391454892992,0.9992116065553224,0.9993568369267104,0.9994785164270624,0.9995799160106892,0.9996639328085514,0.9997331231126731,0.9997897333615,0.999835729188672,0.9998728225976816,0.9999024973248892,0.9999260324533642,0.9999445243400232,0.9999589069185356,0.9999699704404684,0.9999783787171372,0.9999846849246388,0.9999893460345314,0.999992735932635,0.9999951572884234,0.9999968522374753,0.999998011939458,0.9999987850741132,0.9999992853377137,0.999999598002464,0.999999785601314,0.999999892800657,0.9999999505233802,0.9999999793847416,0.9999999925035424,0.9999999977510629,0.9999999995002362,0.9999999999375296,1.0,1.0,1.0,1.0,1.0,1.0,1.0,10.0,28.0
Llama-3.1-8B-Instruct,baseline,ABC415,0.0,0.0,0.0,0.0,0.0,0.0,0.0,0.0,0.0,0.0,0.0,0.0,0.0,0.0,0.0,0.0,0.0,0.0,0.0,0.0,0.0,0.0,0.0,0.0,0.0,0.0,0.0,0.0,0.0,0.0,0.0,0.0,0.0,0.0,0.0,0.0,0.0,0.0,0.0,0.0,0.0,0.0,0.0,0.0,0.0,0.0,0.0,0.0,0.0,0.0,0.0,0.0,0.0,0.0,0.0,0.0,0.0,0.0,0.0,0.0,0.0,0.0,0.0,0.0,0.0,0.0,0.0,0.0,0.0,0.0,0.0,0.0,0.0,0.0,0.0,0.0,0.0,0.0,0.0,0.0,0.0,0.0,0.0,0.0,0.0,0.0,0.0,0.0,0.0,0.0,0.0,0.0,0.0,0.0,0.0,0.0,0.0,0.0,0.0,0.0,,
Llama-3.1-8B-Instruct,baseline,ABC416,0.62,0.857979797979798,0.9478293135435992,0.9811755255054224,0.9933329986165038,0.9976840942562591,0.9992116065553224,0.9997372021851074,0.9999143050603612,0.9999726906236316,0.9999915037495742,0.999997422485826,0.9999992384617212,0.9999997811671612,0.9999999389303706,0.9999999834752769,0.9999999956720964,0.9999999989049884,0.999999999732924,0.9999999999373526,0.9999999999859044,0.9999999999969668,0.9999999999993778,0.9999999999998788,0.9999999999999776,0.999999999999996,0.9999999999999992,1.0,1.0,1.0,1.0,1.0,1.0,1.0,1.0,1.0,1.0,1.0,1.0,1.0,1.0,1.0,1.0,1.0,1.0,1.0,1.0,1.0,1.0,1.0,1.0,1.0,1.0,1.0,1.0,1.0,1.0,1.0,1.0,1.0,1.0,1.0,1.0,1.0,1.0,1.0,1.0,1.0,1.0,1.0,1.0,1.0,1.0,1.0,1.0,1.0,1.0,1.0,1.0,1.0,1.0,1.0,1.0,1.0,1.0,1.0,1.0,1.0,1.0,1.0,1.0,1.0,1.0,1.0,1.0,1.0,1.0,1.0,1.0,1.0,1.0,3.0
Llama-3.1-8B-Instruct,baseline,ABC417,0.72,0.9236363636363636,0.9797402597402596,0.9947784174588298,0.9986946043647076,0.9996839568461924,0.9999260324533642,0.9999832976507596,0.999996369054513,0.9999992418905028,0.9999998483781004,0.9999999710385136,0.9999999947342753,0.9999999990921165,0.999999999852205,0.999999999977396,0.9999999999967708,0.999999999999572,0.9999999999999478,0.9999999999999942,0.9999999999999994,1.0,1.0,1.0,1.0,1.0,1.0,1.0,1.0,1.0,1.0,1.0,1.0,1.0,1.0,1.0,1.0,1.0,1.0,1.0,1.0,1.0,1.0,1.0,1.0,1.0,1.0,1.0,1.0,1.0,1.0,1.0,1.0,1.0,1.0,1.0,1.0,1.0,1.0,1.0,1.0,1.0,1.0,1.0,1.0,1.0,1.0,1.0,1.0,1.0,1.0,1.0,1.0,1.0,1.0,1.0,1.0,1.0,1.0,1.0,1.0,1.0,1.0,1.0,1.0,1.0,1.0,1.0,1.0,1.0,1.0,1.0,1.0,1.0,1.0,1.0,1.0,1.0,1.0,1.0,1.0,2.0
Llama-3.1-8B-Instruct,baseline,ABC418,0.83,0.9725252525252526,0.9957946815089672,0.9993930468157272,0.9999178084229632,0.9999896179060584,0.9999987850741132,0.9999998693628078,0.9999999872202748,0.9999999988765076,0.9999999999126172,0.999999999994109,0.9999999999996652,0.9999999999999846,0.9999999999999994,1.0,1.0,1.0,1.0,1.0,1.0,1.0,1.0,1.0,1.0,1.0,1.0,1.0,1.0,1.0,1.0,1.0,1.0,1.0,1.0,1.0,1.0,1.0,1.0,1.0,1.0,1.0,1.0,1.0,1.0,1.0,1.0,1.0,1.0,1.0,1.0,1.0,1.0,1.0,1.0,1.0,1.0,1.0,1.0,1.0,1.0,1.0,1.0,1.0,1.0,1.0,1.0,1.0,1.0,1.0,1.0,1.0,1.0,1.0,1.0,1.0,1.0,1.0,1.0,1.0,1.0,1.0,1.0,1.0,1.0,1.0,1.0,1.0,1.0,1.0,1.0,1.0,1.0,1.0,1.0,1.0,1.0,1.0,1.0,1.0,1.0,2.0
Llama-3.1-8B-Instruct,baseline,ABC419,1.0,1.0,1.0,1.0,1.0,1.0,1.0,1.0,1.0,1.0,1.0,1.0,1.0,1.0,1.0,1.0,1.0,1.0,1.0,1.0,1.0,1.0,1.0,1.0,1.0,1.0,1.0,1.0,1.0,1.0,1.0,1.0,1.0,1.0,1.0,1.0,1.0,1.0,1.0,1.0,1.0,1.0,1.0,1.0,1.0,1.0,1.0,1.0,1.0,1.0,1.0,1.0,1.0,1.0,1.0,1.0,1.0,1.0,1.0,1.0,1.0,1.0,1.0,1.0,1.0,1.0,1.0,1.0,1.0,1.0,1.0,1.0,1.0,1.0,1.0,1.0,1.0,1.0,1.0,1.0,1.0,1.0,1.0,1.0,1.0,1.0,1.0,1.0,1.0,1.0,1.0,1.0,1.0,1.0,1.0,1.0,1.0,1.0,1.0,1.0,1.0,1.0
Llama-3.1-8B-Instruct,baseline,ABC420,0.25,0.4393939393939393,0.5824056895485465,0.6900330891494366,0.7707536388501042,0.8310816286263926,0.876006727395969,0.9093382522895256,0.9339745967760676,0.9521134438156096,0.9654152649779402,0.975130078186384,0.982195396883434,0.987311662146815,0.9910001324529736,0.993647152319746,0.995537880796012,0.9968818926044422,0.9978325351030878,0.998501505750283,0.9989697852033196,0.9992958025440412,0.9995215068568484,0.9996768617734562,0.999783157242714,0.9998554381618092,0.9999042766206576,0.9999370585998844,0.9999589132527024,0.9999733804172436,0.9999828874110852,0.99998908762446,0.999993099527232,0.9999956743305036,0.9999973128416766,0.9999983463641088,0.9999989923156288,0.9999993921903793,0.9999996372749036,0.99999978593273,0.9999998751274258,0.9999999280395336,0.999999959056976,0.9999999770144428,0.9999999872758522,0.9999999930595558,0.9999999962727244,0.9999999980308732,0.9999999989775687,0.9999999994787606,0.9999999997393804,0.9999999998723496,0.999999999938834,0.9999999999713692,0.9999999999869296,0.9999999999941908,0.9999999999974916,0.99999999999895,0.999999999999575,0.999999999999834,0.9999999999999378,0.9999999999999776,0.9999999999999925,0.9999999999999976,0.9999999999999992,0.9999999999999998,1.0,1.0,1.0,1.0,1.0,1.0,1.0,1.0,1.0,1.0,1.0,1.0,1.0,1.0,1.0,1.0,1.0,1.0,1.0,1.0,1.0,1.0,1.0,1.0,1.0,1.0,1.0,1.0,1.0,1.0,1.0,1.0,1.0,1.0,3.0,8.0
Llama-3.1-8B-Instruct,baseline,ABC421,0.0,0.0,0.0,0.0,0.0,0.0,0.0,0.0,0.0,0.0,0.0,0.0,0.0,0.0,0.0,0.0,0.0,0.0,0.0,0.0,0.0,0.0,0.0,0.0,0.0,0.0,0.0,0.0,0.0,0.0,0.0,0.0,0.0,0.0,0.0,0.0,0.0,0.0,0.0,0.0,0.0,0.0,0.0,0.0,0.0,0.0,0.0,0.0,0.0,0.0,0.0,0.0,0.0,0.0,0.0,0.0,0.0,0.0,0.0,0.0,0.0,0.0,0.0,0.0,0.0,0.0,0.0,0.0,0.0,0.0,0.0,0.0,0.0,0.0,0.0,0.0,0.0,0.0,0.0,0.0,0.0,0.0,0.0,0.0,0.0,0.0,0.0,0.0,0.0,0.0,0.0,0.0,0.0,0.0,0.0,0.0,0.0,0.0,0.0,0.0,,
Llama-3.1-8B-Instruct,feedback,ABC392,0.94,0.996969696969697,0.9998763141620284,0.999996174664805,0.9999999203055168,0.9999999991611108,1.0,1.0,1.0,1.0,1.0,1.0,1.0,1.0,1.0,1.0,1.0,1.0,1.0,1.0,1.0,1.0,1.0,1.0,1.0,1.0,1.0,1.0,1.0,1.0,1.0,1.0,1.0,1.0,1.0,1.0,1.0,1.0,1.0,1.0,1.0,1.0,1.0,1.0,1.0,1.0,1.0,1.0,1.0,1.0,1.0,1.0,1.0,1.0,1.0,1.0,1.0,1.0,1.0,1.0,1.0,1.0,1.0,1.0,1.0,1.0,1.0,1.0,1.0,1.0,1.0,1.0,1.0,1.0,1.0,1.0,1.0,1.0,1.0,1.0,1.0,1.0,1.0,1.0,1.0,1.0,1.0,1.0,1.0,1.0,1.0,1.0,1.0,1.0,1.0,1.0,1.0,1.0,1.0,1.0,1.0,1.0
Llama-3.1-8B-Instruct,feedback,ABC393,0.5900000000000001,0.8343434343434344,0.9340754483611626,0.9741738869868471,0.990046185609514,0.9962280282309738,0.9985955424264265,0.9994865423924568,0.9998158249885988,0.999935235160826,0.9999776921109512,0.9999924804868374,0.9999975219786168,0.9999992024758768,0.9999997496145194,0.9999999234115,0.9999999772058036,0.9999999934089072,0.9999999981512788,0.9999999994978782,0.999999999868193,0.9999999999666312,0.9999999999918716,0.9999999999981,0.999999999999575,0.9999999999999092,0.9999999999999816,0.9999999999999964,0.9999999999999992,1.0,1.0,1.0,1.0,1.0,1.0,1.0,1.0,1.0,1.0,1.0,1.0,1.0,1.0,1.0,1.0,1.0,1.0,1.0,1.0,1.0,1.0,1.0,1.0,1.0,1.0,1.0,1.0,1.0,1.0,1.0,1.0,1.0,1.0,1.0,1.0,1.0,1.0,1.0,1.0,1.0,1.0,1.0,1.0,1.0,1.0,1.0,1.0,1.0,1.0,1.0,1.0,1.0,1.0,1.0,1.0,1.0,1.0,1.0,1.0,1.0,1.0,1.0,1.0,1.0,1.0,1.0,1.0,1.0,1.0,1.0,1.0,3.0
Llama-3.1-8B-Instruct,feedback,ABC394,0.92,0.9943434343434344,0.9996536796536796,0.9999821484357568,0.9999992561848232,0.9999999765110996,0.9999999995002362,0.9999999999946262,1.0,1.0,1.0,1.0,1.0,1.0,1.0,1.0,1.0,1.0,1.0,1.0,1.0,1.0,1.0,1.0,1.0,1.0,1.0,1.0,1.0,1.0,1.0,1.0,1.0,1.0,1.0,1.0,1.0,1.0,1.0,1.0,1.0,1.0,1.0,1.0,1.0,1.0,1.0,1.0,1.0,1.0,1.0,1.0,1.0,1.0,1.0,1.0,1.0,1.0,1.0,1.0,1.0,1.0,1.0,1.0,1.0,1.0,1.0,1.0,1.0,1.0,1.0,1.0,1.0,1.0,1.0,1.0,1.0,1.0,1.0,1.0,1.0,1.0,1.0,1.0,1.0,1.0,1.0,1.0,1.0,1.0,1.0,1.0,1.0,1.0,1.0,1.0,1.0,1.0,1.0,1.0,1.0,1.0
Llama-3.1-8B-Instruct,feedback,ABC395,1.0,1.0,1.0,1.0,1.0,1.0,1.0,1.0,1.0,1.0,1.0,1.0,1.0,1.0,1.0,1.0,1.0,1.0,1.0,1.0,1.0,1.0,1.0,1.0,1.0,1.0,1.0,1.0,1.0,1.0,1.0,1.0,1.0,1.0,1.0,1.0,1.0,1.0,1.0,1.0,1.0,1.0,1.0,1.0,1.0,1.0,1.0,1.0,1.0,1.0,1.0,1.0,1.0,1.0,1.0,1.0,1.0,1.0,1.0,1.0,1.0,1.0,1.0,1.0,1.0,1.0,1.0,1.0,1.0,1.0,1.0,1.0,1.0,1.0,1.0,1.0,1.0,1.0,1.0,1.0,1.0,1.0,1.0,1.0,1.0,1.0,1.0,1.0,1.0,1.0,1.0,1.0,1.0,1.0,1.0,1.0,1.0,1.0,1.0,1.0,1.0,1.0
Llama-3.1-8B-Instruct,feedback,ABC396,0.99,1.0,1.0,1.0,1.0,1.0,1.0,1.0,1.0,1.0,1.0,1.0,1.0,1.0,1.0,1.0,1.0,1.0,1.0,1.0,1.0,1.0,1.0,1.0,1.0,1.0,1.0,1.0,1.0,1.0,1.0,1.0,1.0,1.0,1.0,1.0,1.0,1.0,1.0,1.0,1.0,1.0,1.0,1.0,1.0,1.0,1.0,1.0,1.0,1.0,1.0,1.0,1.0,1.0,1.0,1.0,1.0,1.0,1.0,1.0,1.0,1.0,1.0,1.0,1.0,1.0,1.0,1.0,1.0,1.0,1.0,1.0,1.0,1.0,1.0,1.0,1.0,1.0,1.0,1.0,1.0,1.0,1.0,1.0,1.0,1.0,1.0,1.0,1.0,1.0,1.0,1.0,1.0,1.0,1.0,1.0,1.0,1.0,1.0,1.0,1.0,1.0
Llama-3.1-8B-Instruct,feedback,ABC397,1.0,1.0,1.0,1.0,1.0,1.0,1.0,1.0,1.0,1.0,1.0,1.0,1.0,1.0,1.0,1.0,1.0,1.0,1.0,1.0,1.0,1.0,1.0,1.0,1.0,1.0,1.0,1.0,1.0,1.0,1.0,1.0,1.0,1.0,1.0,1.0,1.0,1.0,1.0,1.0,1.0,1.0,1.0,1.0,1.0,1.0,1.0,1.0,1.0,1.0,1.0,1.0,1.0,1.0,1.0,1.0,1.0,1.0,1.0,1.0,1.0,1.0,1.0,1.0,1.0,1.0,1.0,1.0,1.0,1.0,1.0,1.0,1.0,1.0,1.0,1.0,1.0,1.0,1.0,1.0,1.0,1.0,1.0,1.0,1.0,1.0,1.0,1.0,1.0,1.0,1.0,1.0,1.0,1.0,1.0,1.0,1.0,1.0,1.0,1.0,1.0,1.0
Llama-3.1-8B-Instruct,feedback,ABC398,0.1099999999999999,0.2088888888888889,0.2976870748299319,0.3773308086121046,0.448678320125301,0.5125155672686873,0.569561617907458,0.6204736846065758,0.6658518310123114,0.706243367922911,0.7421469562878886,0.7740164336006214,0.8022643794005437,0.8272654348786359,0.8493593908825313,0.868854057944792,0.8860279313091645,0.9011326633043354,0.9143953548122904,0.9260206769982756,0.9361928339110128,0.9450773760246692,0.9528228742776004,0.9595624636665148,0.9654152649779402,0.9704876927811756,0.9748746573677576,0.9786606679013832,0.981920843638672,0.9847218396946524,0.9871226934569212,0.9891755973985714,0.9909266037017436,0.992416265780562,0.9936802214838016,0.994749722463466,0.9956521139150576,0.9964112686283016,0.9970479790329578,0.9975803106827524,0.9980239203909144,0.9983923420129472,0.9986972426656642,0.9989486519757992,0.9991551667662673,0.9993241334130136,0.9994618099399925,0.9995735097637676,0.9996637288522012,0.9997362579232952,0.9997942811801702,0.9998404629560504,0.9998770235286222,0.999905805255966,0.9999283300860612,0.9999458493983572,0.999959387048768,0.9999697764083856,0.9999776921109512,0.9999836771543544,0.999988165936907,0.9999915037495742,0.999993963190487,0.9999957579176396,0.999997054109472,0.9999979799607808,0.9999986335028812,0.9999990890019208,0.9999994021575104,0.999999614295168,0.9999997557202732,0.9999998483781004,0.9999999079438469,0.9999999454482056,0.9999999685278108,0.999999982375574,0.999999990453436,0.999999995019184,0.999999997509592,0.9999999988140914,0.9999999994663412,0.9999999997753016,0.9999999999126172,0.999999999969159,0.9999999999903622,0.99999999999743,0.9999999999994492,0.9999999999999152,0.9999999999999928,1.0,1.0,1.0,1.0,1.0,1.0,1.0,1.0,1.0,1.0,1.0,6.0,18.0
Llama-3.1-8B-Instruct,feedback,ABC399,1.0,1.0,1.0,1.0,1.0,1.0,1.0,1.0,1.0,1.0,1.0,1.0,1.0,1.0,1.0,1.0,1.0,1.0,1.0,1.0,1.0,1.0,1.0,1.0,1.0,1.0,1.0,1.0,1.0,1.0,1.0,1.0,1.0,1.0,1.0,1.0,1.0,1.0,1.0,1.0,1.0,1.0,1.0,1.0,1.0,1.0,1.0,1.0,1.0,1.0,1.0,1.0,1.0,1.0,1.0,1.0,1.0,1.0,1.0,1.0,1.0,1.0,1.0,1.0,1.0,1.0,1.0,1.0,1.0,1.0,1.0,1.0,1.0,1.0,1.0,1.0,1.0,1.0,1.0,1.0,1.0,1.0,1.0,1.0,1.0,1.0,1.0,1.0,1.0,1.0,1.0,1.0,1.0,1.0,1.0,1.0,1.0,1.0,1.0,1.0,1.0,1.0
Llama-3.1-8B-Instruct,feedback,ABC400,0.85,0.9787878787878788,0.9971861471861472,0.9996518944972552,0.9999601129111438,0.9999958013590676,0.999999598002464,0.9999999654195668,0.99999999736888,0.9999999998265195,0.9999999999903622,0.9999999999995668,0.9999999999999852,0.9999999999999996,1.0,1.0,1.0,1.0,1.0,1.0,1.0,1.0,1.0,1.0,1.0,1.0,1.0,1.0,1.0,1.0,1.0,1.0,1.0,1.0,1.0,1.0,1.0,1.0,1.0,1.0,1.0,1.0,1.0,1.0,1.0,1.0,1.0,1.0,1.0,1.0,1.0,1.0,1.0,1.0,1.0,1.0,1.0,1.0,1.0,1.0,1.0,1.0,1.0,1.0,1.0,1.0,1.0,1.0,1.0,1.0,1.0,1.0,1.0,1.0,1.0,1.0,1.0,1.0,1.0,1.0,1.0,1.0,1.0,1.0,1.0,1.0,1.0,1.0,1.0,1.0,1.0,1.0,1.0,1.0,1.0,1.0,1.0,1.0,1.0,1.0,1.0,2.0
Llama-3.1-8B-Instruct,feedback,ABC401,1.0,1.0,1.0,1.0,1.0,1.0,1.0,1.0,1.0,1.0,1.0,1.0,1.0,1.0,1.0,1.0,1.0,1.0,1.0,1.0,1.0,1.0,1.0,1.0,1.0,1.0,1.0,1.0,1.0,1.0,1.0,1.0,1.0,1.0,1.0,1.0,1.0,1.0,1.0,1.0,1.0,1.0,1.0,1.0,1.0,1.0,1.0,1.0,1.0,1.0,1.0,1.0,1.0,1.0,1.0,1.0,1.0,1.0,1.0,1.0,1.0,1.0,1.0,1.0,1.0,1.0,1.0,1.0,1.0,1.0,1.0,1.0,1.0,1.0,1.0,1.0,1.0,1.0,1.0,1.0,1.0,1.0,1.0,1.0,1.0,1.0,1.0,1.0,1.0,1.0,1.0,1.0,1.0,1.0,1.0,1.0,1.0,1.0,1.0,1.0,1.0,1.0
Llama-3.1-8B-Instruct,feedback,ABC402,1.0,1.0,1.0,1.0,1.0,1.0,1.0,1.0,1.0,1.0,1.0,1.0,1.0,1.0,1.0,1.0,1.0,1.0,1.0,1.0,1.0,1.0,1.0,1.0,1.0,1.0,1.0,1.0,1.0,1.0,1.0,1.0,1.0,1.0,1.0,1.0,1.0,1.0,1.0,1.0,1.0,1.0,1.0,1.0,1.0,1.0,1.0,1.0,1.0,1.0,1.0,1.0,1.0,1.0,1.0,1.0,1.0,1.0,1.0,1.0,1.0,1.0,1.0,1.0,1.0,1.0,1.0,1.0,1.0,1.0,1.0,1.0,1.0,1.0,1.0,1.0,1.0,1.0,1.0,1.0,1.0,1.0,1.0,1.0,1.0,1.0,1.0,1.0,1.0,1.0,1.0,1.0,1.0,1.0,1.0,1.0,1.0,1.0,1.0,1.0,1.0,1.0
Llama-3.1-8B-Instruct,feedback,ABC403,1.0,1.0,1.0,1.0,1.0,1.0,1.0,1.0,1.0,1.0,1.0,1.0,1.0,1.0,1.0,1.0,1.0,1.0,1.0,1.0,1.0,1.0,1.0,1.0,1.0,1.0,1.0,1.0,1.0,1.0,1.0,1.0,1.0,1.0,1.0,1.0,1.0,1.0,1.0,1.0,1.0,1.0,1.0,1.0,1.0,1.0,1.0,1.0,1.0,1.0,1.0,1.0,1.0,1.0,1.0,1.0,1.0,1.0,1.0,1.0,1.0,1.0,1.0,1.0,1.0,1.0,1.0,1.0,1.0,1.0,1.0,1.0,1.0,1.0,1.0,1.0,1.0,1.0,1.0,1.0,1.0,1.0,1.0,1.0,1.0,1.0,1.0,1.0,1.0,1.0,1.0,1.0,1.0,1.0,1.0,1.0,1.0,1.0,1.0,1.0,1.0,1.0
Llama-3.1-8B-Instruct,feedback,ABC404,0.0,0.0,0.0,0.0,0.0,0.0,0.0,0.0,0.0,0.0,0.0,0.0,0.0,0.0,0.0,0.0,0.0,0.0,0.0,0.0,0.0,0.0,0.0,0.0,0.0,0.0,0.0,0.0,0.0,0.0,0.0,0.0,0.0,0.0,0.0,0.0,0.0,0.0,0.0,0.0,0.0,0.0,0.0,0.0,0.0,0.0,0.0,0.0,0.0,0.0,0.0,0.0,0.0,0.0,0.0,0.0,0.0,0.0,0.0,0.0,0.0,0.0,0.0,0.0,0.0,0.0,0.0,0.0,0.0,0.0,0.0,0.0,0.0,0.0,0.0,0.0,0.0,0.0,0.0,0.0,0.0,0.0,0.0,0.0,0.0,0.0,0.0,0.0,0.0,0.0,0.0,0.0,0.0,0.0,0.0,0.0,0.0,0.0,0.0,0.0,,
Llama-3.1-8B-Instruct,feedback,ABC405,1.0,1.0,1.0,1.0,1.0,1.0,1.0,1.0,1.0,1.0,1.0,1.0,1.0,1.0,1.0,1.0,1.0,1.0,1.0,1.0,1.0,1.0,1.0,1.0,1.0,1.0,1.0,1.0,1.0,1.0,1.0,1.0,1.0,1.0,1.0,1.0,1.0,1.0,1.0,1.0,1.0,1.0,1.0,1.0,1.0,1.0,1.0,1.0,1.0,1.0,1.0,1.0,1.0,1.0,1.0,1.0,1.0,1.0,1.0,1.0,1.0,1.0,1.0,1.0,1.0,1.0,1.0,1.0,1.0,1.0,1.0,1.0,1.0,1.0,1.0,1.0,1.0,1.0,1.0,1.0,1.0,1.0,1.0,1.0,1.0,1.0,1.0,1.0,1.0,1.0,1.0,1.0,1.0,1.0,1.0,1.0,1.0,1.0,1.0,1.0,1.0,1.0
Llama-3.1-8B-Instruct,feedback,ABC406,0.42,0.666060606060606,0.8091774891774892,0.8918016691212568,0.9391384388807068,0.9660456553755524,0.9812167455269012,0.9896995056115264,0.9944019052236556,0.996985641274276,0.9983923420129472,0.999151012074253,0.999556210856996,0.9997704538915496,0.9998825578049788,0.999940588066048,0.999970294033024,0.9999853259681204,0.9999928419356684,0.999996553524581,0.999998362924176,0.999999233268285,0.999999646123824,0.9999998391471928,0.9999999280395336,0.9999999683373948,0.9999999863080626,0.9999999941856156,0.9999999975773398,0.9999999990104628,0.9999999996041852,0.999999999845116,0.9999999999407796,0.9999999999779028,0.9999999999919646,0.9999999999971568,0.9999999999990228,0.9999999999996744,0.9999999999998948,0.9999999999999672,0.9999999999999902,0.9999999999999972,0.9999999999999992,0.9999999999999998,1.0,1.0,1.0,1.0,1.0,1.0,1.0,1.0,1.0,1.0,1.0,1.0,1.0,1.0,1.0,1.0,1.0,1.0,1.0,1.0,1.0,1.0,1.0,1.0,1.0,1.0,1.0,1.0,1.0,1.0,1.0,1.0,1.0,1.0,1.0,1.0,1.0,1.0,1.0,1.0,1.0,1.0,1.0,1.0,1.0,1.0,1.0,1.0,1.0,1.0,1.0,1.0,1.0,1.0,1.0,1.0,2.0,5.0
Llama-3.1-8B-Instruct,feedback,ABC407,0.6,0.8424242424242424,0.9388991960420532,0.9766935077686182,0.991260065413232,0.9967800240996118,0.998835327865817,0.9995867292427092,0.999856253649638,0.9999510314630636,0.9999836771543544,0.9999946813199582,0.999998307692714,0.9999994748011872,0.9999998412189636,0.9999999532996952,0.9999999866570558,0.9999999963025576,0.9999999990080032,0.9999999997428156,0.999999999935704,0.9999999999845364,0.9999999999964316,0.9999999999992122,0.999999999999834,0.9999999999999668,0.9999999999999936,0.9999999999999988,0.9999999999999998,1.0,1.0,1.0,1.0,1.0,1.0,1.0,1.0,1.0,1.0,1.0,1.0,1.0,1.0,1.0,1.0,1.0,1.0,1.0,1.0,1.0,1.0,1.0,1.0,1.0,1.0,1.0,1.0,1.0,1.0,1.0,1.0,1.0,1.0,1.0,1.0,1.0,1.0,1.0,1.0,1.0,1.0,1.0,1.0,1.0,1.0,1.0,1.0,1.0,1.0,1.0,1.0,1.0,1.0,1.0,1.0,1.0,1.0,1.0,1.0,1.0,1.0,1.0,1.0,1.0,1.0,1.0,1.0,1.0,1.0,1.0,1.0,3.0
Llama-3.1-8B-Instruct,feedback,ABC408,0.6799999999999999,0.8997979797979798,0.9693259121830552,0.9908293964258618,0.9973252406242096,0.9992398052300384,0.9997897333615,0.9999434767100808,0.999985254793934,0.9999962731896757,0.9999990890019208,0.999999785045397,0.9999999511466812,0.9999999893308844,0.9999999977669292,0.9999999995533858,0.9999999999149306,0.999999999984626,0.9999999999973752,0.9999999999995788,0.9999999999999368,0.9999999999999912,0.9999999999999988,1.0,1.0,1.0,1.0,1.0,1.0,1.0,1.0,1.0,1.0,1.0,1.0,1.0,1.0,1.0,1.0,1.0,1.0,1.0,1.0,1.0,1.0,1.0,1.0,1.0,1.0,1.0,1.0,1.0,1.0,1.0,1.0,1.0,1.0,1.0,1.0,1.0,1.0,1.0,1.0,1.0,1.0,1.0,1.0,1.0,1.0,1.0,1.0,1.0,1.0,1.0,1.0,1.0,1.0,1.0,1.0,1.0,1.0,1.0,1.0,1.0,1.0,1.0,1.0,1.0,1.0,1.0,1.0,1.0,1.0,1.0,1.0,1.0,1.0,1.0,1.0,1.0,1.0,3.0
Llama-3.1-8B-Instruct,feedback,ABC409,0.96,0.9987878787878788,0.9999752628324056,0.9999997449776536,1.0,1.0,1.0,1.0,1.0,1.0,1.0,1.0,1.0,1.0,1.0,1.0,1.0,1.0,1.0,1.0,1.0,1.0,1.0,1.0,1.0,1.0,1.0,1.0,1.0,1.0,1.0,1.0,1.0,1.0,1.0,1.0,1.0,1.0,1.0,1.0,1.0,1.0,1.0,1.0,1.0,1.0,1.0,1.0,1.0,1.0,1.0,1.0,1.0,1.0,1.0,1.0,1.0,1.0,1.0,1.0,1.0,1.0,1.0,1.0,1.0,1.0,1.0,1.0,1.0,1.0,1.0,1.0,1.0,1.0,1.0,1.0,1.0,1.0,1.0,1.0,1.0,1.0,1.0,1.0,1.0,1.0,1.0,1.0,1.0,1.0,1.0,1.0,1.0,1.0,1.0,1.0,1.0,1.0,1.0,1.0,1.0,1.0
Llama-3.1-8B-Instruct,feedback,ABC410,0.5700000000000001,0.8175757575757576,0.9236796536796535,0.9685276922390323,0.987214374972107,0.9948857499888428,0.9979869441445444,0.9992207525720818,0.9997035471741617,0.9998892374057308,0.999959387048768,0.9999853975905684,0.9999948559694048,0.9999982261963464,0.9999994018569076,0.9999998029646284,0.999999936667202,0.9999999801608104,0.9999999939514664,0.999999998207842,0.9999999994847546,0.999999999856514,0.9999999999613692,0.999999999989966,0.9999999999974916,0.999999999999398,0.9999999999998616,0.9999999999999696,0.9999999999999936,0.9999999999999988,0.9999999999999998,1.0,1.0,1.0,1.0,1.0,1.0,1.0,1.0,1.0,1.0,1.0,1.0,1.0,1.0,1.0,1.0,1.0,1.0,1.0,1.0,1.0,1.0,1.0,1.0,1.0,1.0,1.0,1.0,1.0,1.0,1.0,1.0,1.0,1.0,1.0,1.0,1.0,1.0,1.0,1.0,1.0,1.0,1.0,1.0,1.0,1.0,1.0,1.0,1.0,1.0,1.0,1.0,1.0,1.0,1.0,1.0,1.0,1.0,1.0,1.0,1.0,1.0,1.0,1.0,1.0,1.0,1.0,1.0,1.0,1.0,3.0
Llama-3.1-8B-Instruct,feedback,ABC411,0.99,1.0,1.0,1.0,1.0,1.0,1.0,1.0,1.0,1.0,1.0,1.0,1.0,1.0,1.0,1.0,1.0,1.0,1.0,1.0,1.0,1.0,1.0,1.0,1.0,1.0,1.0,1.0,1.0,1.0,1.0,1.0,1.0,1.0,1.0,1.0,1.0,1.0,1.0,1.0,1.0,1.0,1.0,1.0,1.0,1.0,1.0,1.0,1.0,1.0,1.0,1.0,1.0,1.0,1.0,1.0,1.0,1.0,1.0,1.0,1.0,1.0,1.0,1.0,1.0,1.0,1.0,1.0,1.0,1.0,1.0,1.0,1.0,1.0,1.0,1.0,1.0,1.0,1.0,1.0,1.0,1.0,1.0,1.0,1.0,1.0,1.0,1.0,1.0,1.0,1.0,1.0,1.0,1.0,1.0,1.0,1.0,1.0,1.0,1.0,1.0,1.0
Llama-3.1-8B-Instruct,feedback,ABC412,0.88,0.9866666666666668,0.998639455782313,0.9998737639385652,0.9999894803282138,0.9999992248662894,0.9999999505233802,0.9999999973399668,0.9999999998843464,0.9999999999961872,0.9999999999999152,0.999999999999999,1.0,1.0,1.0,1.0,1.0,1.0,1.0,1.0,1.0,1.0,1.0,1.0,1.0,1.0,1.0,1.0,1.0,1.0,1.0,1.0,1.0,1.0,1.0,1.0,1.0,1.0,1.0,1.0,1.0,1.0,1.0,1.0,1.0,1.0,1.0,1.0,1.0,1.0,1.0,1.0,1.0,1.0,1.0,1.0,1.0,1.0,1.0,1.0,1.0,1.0,1.0,1.0,1.0,1.0,1.0,1.0,1.0,1.0,1.0,1.0,1.0,1.0,1.0,1.0,1.0,1.0,1.0,1.0,1.0,1.0,1.0,1.0,1.0,1.0,1.0,1.0,1.0,1.0,1.0,1.0,1.0,1.0,1.0,1.0,1.0,1.0,1.0,1.0,1.0,2.0
Llama-3.1-8B-Instruct,feedback,ABC413,1.0,1.0,1.0,1.0,1.0,1.0,1.0,1.0,1.0,1.0,1.0,1.0,1.0,1.0,1.0,1.0,1.0,1.0,1.0,1.0,1.0,1.0,1.0,1.0,1.0,1.0,1.0,1.0,1.0,1.0,1.0,1.0,1.0,1.0,1.0,1.0,1.0,1.0,1.0,1.0,1.0,1.0,1.0,1.0,1.0,1.0,1.0,1.0,1.0,1.0,1.0,1.0,1.0,1.0,1.0,1.0,1.0,1.0,1.0,1.0,1.0,1.0,1.0,1.0,1.0,1.0,1.0,1.0,1.0,1.0,1.0,1.0,1.0,1.0,1.0,1.0,1.0,1.0,1.0,1.0,1.0,1.0,1.0,1.0,1.0,1.0,1.0,1.0,1.0,1.0,1.0,1.0,1.0,1.0,1.0,1.0,1.0,1.0,1.0,1.0,1.0,1.0
Llama-3.1-8B-Instruct,feedback,ABC414,0.1999999999999999,0.3616161616161615,0.4918985776128632,0.5966617574864997,0.6806905580101457,0.7479135984290624,0.8015490030186235,0.8442266367780593,0.8780904113915247,0.9048837275692116,0.9260206769982756,0.9426452439649552,0.955680415791102,0.965868825954067,0.9738063082903304,0.9799695298690764,0.984738689424058,0.9884161136592248,0.9912414517911212,0.9934040562871408,0.9950530422153556,0.9963054365912148,0.9972527605421854,0.9979663292325268,0.998501505750283,0.9989011042168742,0.9991981030771784,0.9994178008642528,0.9995795228464048,0.9996979671150232,0.9997842622250166,0.9998467949134175,0.9998918552330006,0.9999241372530004,0.9999471259642124,0.9999633948983008,0.999974833992582,0.999982823201286,0.999988364104097,0.999992179151934,0.9999947861012892,0.999996553524581,0.9999977419643808,0.9999985342575805,0.999999057737016,0.9999994003781012,0.9999996224602858,0.9999997649281024,0.9999998553403708,0.9999999120696372,0.9999999472417824,0.9999999687757488,0.9999999817858534,0.999999989536554,0.9999999940858784,0.9999999967143768,0.999999998207842,0.9999999990414038,0.9999999994978782,0.9999999997428156,0.999999999871408,0.9999999999373526,0.9999999999703248,0.9999999999863656,0.9999999999939402,0.999999999997403,0.9999999999989306,0.9999999999995788,0.999999999999842,0.999999999999944,0.9999999999999812,0.9999999999999942,0.9999999999999984,0.9999999999999996,1.0,1.0,1.0,1.0,1.0,1.0,1.0,1.0,1.0,1.0,1.0,1.0,1.0,1.0,1.0,1.0,1.0,1.0,1.0,1.0,1.0,1.0,1.0,1.0,1.0,1.0,4.0,10.0
Llama-3.1-8B-Instruct,feedback,ABC415,1.0,1.0,1.0,1.0,1.0,1.0,1.0,1.0,1.0,1.0,1.0,1.0,1.0,1.0,1.0,1.0,1.0,1.0,1.0,1.0,1.0,1.0,1.0,1.0,1.0,1.0,1.0,1.0,1.0,1.0,1.0,1.0,1.0,1.0,1.0,1.0,1.0,1.0,1.0,1.0,1.0,1.0,1.0,1.0,1.0,1.0,1.0,1.0,1.0,1.0,1.0,1.0,1.0,1.0,1.0,1.0,1.0,1.0,1.0,1.0,1.0,1.0,1.0,1.0,1.0,1.0,1.0,1.0,1.0,1.0,1.0,1.0,1.0,1.0,1.0,1.0,1.0,1.0,1.0,1.0,1.0,1.0,1.0,1.0,1.0,1.0,1.0,1.0,1.0,1.0,1.0,1.0,1.0,1.0,1.0,1.0,1.0,1.0,1.0,1.0,1.0,1.0
Llama-3.1-8B-Instruct,feedback,ABC416,0.92,0.9943434343434344,0.9996536796536796,0.9999821484357568,0.9999992561848232,0.9999999765110996,0.9999999995002362,0.9999999999946262,1.0,1.0,1.0,1.0,1.0,1.0,1.0,1.0,1.0,1.0,1.0,1.0,1.0,1.0,1.0,1.0,1.0,1.0,1.0,1.0,1.0,1.0,1.0,1.0,1.0,1.0,1.0,1.0,1.0,1.0,1.0,1.0,1.0,1.0,1.0,1.0,1.0,1.0,1.0,1.0,1.0,1.0,1.0,1.0,1.0,1.0,1.0,1.0,1.0,1.0,1.0,1.0,1.0,1.0,1.0,1.0,1.0,1.0,1.0,1.0,1.0,1.0,1.0,1.0,1.0,1.0,1.0,1.0,1.0,1.0,1.0,1.0,1.0,1.0,1.0,1.0,1.0,1.0,1.0,1.0,1.0,1.0,1.0,1.0,1.0,1.0,1.0,1.0,1.0,1.0,1.0,1.0,1.0,1.0
Llama-3.1-8B-Instruct,feedback,ABC417,0.88,0.9866666666666668,0.998639455782313,0.9998737639385652,0.9999894803282138,0.9999992248662894,0.9999999505233802,0.9999999973399668,0.9999999998843464,0.9999999999961872,0.9999999999999152,0.999999999999999,1.0,1.0,1.0,1.0,1.0,1.0,1.0,1.0,1.0,1.0,1.0,1.0,1.0,1.0,1.0,1.0,1.0,1.0,1.0,1.0,1.0,1.0,1.0,1.0,1.0,1.0,1.0,1.0,1.0,1.0,1.0,1.0,1.0,1.0,1.0,1.0,1.0,1.0,1.0,1.0,1.0,1.0,1.0,1.0,1.0,1.0,1.0,1.0,1.0,1.0,1.0,1.0,1.0,1.0,1.0,1.0,1.0,1.0,1.0,1.0,1.0,1.0,1.0,1.0,1.0,1.0,1.0,1.0,1.0,1.0,1.0,1.0,1.0,1.0,1.0,1.0,1.0,1.0,1.0,1.0,1.0,1.0,1.0,1.0,1.0,1.0,1.0,1.0,1.0,2.0
Llama-3.1-8B-Instruct,feedback,ABC418,0.9,0.990909090909091,0.9992578849721708,0.99994644530727,0.9999966528317044,0.9999998238332476,0.9999999925035424,0.9999999997581788,0.999999999994743,0.9999999999999424,1.0,1.0,1.0,1.0,1.0,1.0,1.0,1.0,1.0,1.0,1.0,1.0,1.0,1.0,1.0,1.0,1.0,1.0,1.0,1.0,1.0,1.0,1.0,1.0,1.0,1.0,1.0,1.0,1.0,1.0,1.0,1.0,1.0,1.0,1.0,1.0,1.0,1.0,1.0,1.0,1.0,1.0,1.0,1.0,1.0,1.0,1.0,1.0,1.0,1.0,1.0,1.0,1.0,1.0,1.0,1.0,1.0,1.0,1.0,1.0,1.0,1.0,1.0,1.0,1.0,1.0,1.0,1.0,1.0,1.0,1.0,1.0,1.0,1.0,1.0,1.0,1.0,1.0,1.0,1.0,1.0,1.0,1.0,1.0,1.0,1.0,1.0,1.0,1.0,1.0,1.0,1.0
Llama-3.1-8B-Instruct,feedback,ABC419,1.0,1.0,1.0,1.0,1.0,1.0,1.0,1.0,1.0,1.0,1.0,1.0,1.0,1.0,1.0,1.0,1.0,1.0,1.0,1.0,1.0,1.0,1.0,1.0,1.0,1.0,1.0,1.0,1.0,1.0,1.0,1.0,1.0,1.0,1.0,1.0,1.0,1.0,1.0,1.0,1.0,1.0,1.0,1.0,1.0,1.0,1.0,1.0,1.0,1.0,1.0,1.0,1.0,1.0,1.0,1.0,1.0,1.0,1.0,1.0,1.0,1.0,1.0,1.0,1.0,1.0,1.0,1.0,1.0,1.0,1.0,1.0,1.0,1.0,1.0,1.0,1.0,1.0,1.0,1.0,1.0,1.0,1.0,1.0,1.0,1.0,1.0,1.0,1.0,1.0,1.0,1.0,1.0,1.0,1.0,1.0,1.0,1.0,1.0,1.0,1.0,1.0
Llama-3.1-8B-Instruct,feedback,ABC420,0.53,0.7816161616161617,0.899721706864564,0.9545129391962972,0.9796255873483414,0.990992364932951,0.9960711378962872,0.9983101668371128,0.99928365768095,0.9997008680425944,0.9998770235286222,0.9999502567082068,0.9999802157362184,0.999992268218752,0.9999970331537072,0.9999988830696308,0.9999995877995068,0.9999998510118698,0.999999947309076,0.9999999817858534,0.9999999938527256,0.9999999979768464,0.9999999993515534,0.9999999997978868,0.999999999938834,0.999999999982058,0.9999999999949084,0.999999999998605,0.999999999999632,0.9999999999999066,0.9999999999999774,0.9999999999999948,0.9999999999999988,0.9999999999999998,1.0,1.0,1.0,1.0,1.0,1.0,1.0,1.0,1.0,1.0,1.0,1.0,1.0,1.0,1.0,1.0,1.0,1.0,1.0,1.0,1.0,1.0,1.0,1.0,1.0,1.0,1.0,1.0,1.0,1.0,1.0,1.0,1.0,1.0,1.0,1.0,1.0,1.0,1.0,1.0,1.0,1.0,1.0,1.0,1.0,1.0,1.0,1.0,1.0,1.0,1.0,1.0,1.0,1.0,1.0,1.0,1.0,1.0,1.0,1.0,1.0,1.0,1.0,1.0,1.0,1.0,1.0,4.0
Llama-3.1-8B-Instruct,feedback,ABC421,0.01,0.02,0.03,0.04,0.05,0.06,0.07,0.08,0.09,0.1,0.1100000000000001,0.1200000000000001,0.1300000000000001,0.1400000000000001,0.1500000000000001,0.1600000000000001,0.1700000000000001,0.1800000000000001,0.1900000000000001,0.2000000000000001,0.2100000000000002,0.2200000000000002,0.2300000000000002,0.2400000000000002,0.2500000000000002,0.2600000000000002,0.2700000000000002,0.2800000000000002,0.2900000000000002,0.3000000000000002,0.3100000000000003,0.3200000000000003,0.3300000000000003,0.3400000000000003,0.3500000000000003,0.3600000000000003,0.3700000000000003,0.3800000000000003,0.3900000000000003,0.4000000000000003,0.4100000000000003,0.4200000000000004,0.4300000000000004,0.4400000000000004,0.4500000000000004,0.4600000000000004,0.4700000000000004,0.4800000000000004,0.4900000000000004,0.5000000000000004,0.5100000000000005,0.5200000000000005,0.5300000000000005,0.5400000000000005,0.5500000000000005,0.5600000000000005,0.5700000000000005,0.5800000000000005,0.5900000000000005,0.6000000000000005,0.6100000000000005,0.6200000000000006,0.6300000000000004,0.6400000000000003,0.6500000000000004,0.6600000000000004,0.6700000000000004,0.6800000000000004,0.6900000000000004,0.7000000000000004,0.7100000000000004,0.7200000000000003,0.7300000000000003,0.7400000000000003,0.7500000000000003,0.7600000000000003,0.7700000000000002,0.7800000000000002,0.7900000000000003,0.8000000000000003,0.8100000000000003,0.8200000000000003,0.8300000000000003,0.8400000000000003,0.8500000000000002,0.8600000000000002,0.8700000000000002,0.8800000000000001,0.8900000000000001,0.9000000000000001,0.91,0.9200000000000002,0.9300000000000002,0.94,0.95,0.96,0.97,0.98,0.99,1.0,50.0,90.0
